id,MBID,title,artist,key,scale,bpm,loudness,dynamic_complexity,spectral_centroid_mean,spectral_centroid_var
0,000eab34-1e23-4e20-a1bb-99de5f40c460,Marchin On,OneRepublic,G#,minor,122.937782288,0.878423631191,840835.6875,3.40686416626,790.501647949
1,001971cc-1d2e-476c-bb64-aa403ceb6dc2,The Riddle (radio edit),Prezioso feat. Marvin,A,major,128.046020508,0.897242128849,1237989.5,2.57785987854,1687.19091797
2,017830c1-d1cf-46f3-8801-aaaa0a930223,Nina,Ed Sheeran,F#,minor,91.916267395,0.893562555313,749562.9375,5.05145025253,1055.33203125
3,02707100-f346-4103-a1cd-ca8c57cdee22,Girl You Know It's True (N.Y.C. Subway remix),Milli Vanilli,G#,major,98.1000976562,0.948833346367,1699079.0,3.80052089691,2064.84472656
4,02be0a4e-d882-4c15-870a-6095497beadd,Stars,Simply Red,G,major,103.725646973,0.907149374485,413957.34375,3.73212099075,1017.28875732
5,0441f3b9-aba8-445d-b939-2905f78c4016,Sexi Flexi,Natalia Kukulska,C,major,111.957374573,0.953205704689,1804429.25,3.62968564034,1522.68127441
6,04c3022d-bb19-43cf-9b30-74c616b7f2bf,Stay,Maurice Williams and The Zodiacs,A#,minor,120.560958862,0.948511660099,249337.015625,3.78561758995,718.028320312
7,053e5760-d1a3-4852-b0eb-01f7599a24c5,My Love,Westlife,C,major,144.111679077,0.834108531475,787128.5,3.83684229851,1389.50866699
8,059a2012-0bcf-4ef3-b550-69448247d1da,Fireflies,Owl City,D#,major,89.9253311157,0.613147377968,1083136.25,6.38246536255,1505.54675293
9,06baaa26-dc21-4a5e-a1fc-c795126f9892,Holding Back the Years,Simply Red,G,major,172.265045166,0.699582278728,854630.75,4.5833234787,985.544494629
10,07a4f279-5499-4338-bec5-a00dca4b1037,One,Ed Sheeran,D,major,93.5826721191,0.505712091923,725236.75,6.74606990814,609.659484863
11,089d8dfd-3a88-4a0f-b2b8-57b8fe02bfae,Your Love (Feat. Jay Sean) (Remix),Nicki Minaj,A#,minor,94.9486312866,0.916275084019,715105.125,3.49890875816,1627.60168457
12,08f535c5-b651-4cc2-a8a8-349aa6060b16,Our Song,Taylor Swift,D,major,89.0131072998,0.897059738636,1127704.625,3.71915888786,1773.31213379
13,09296cd5-d11a-402e-8f32-29418fb1d86b,Bloodstream,Ed Sheeran,G#,minor,91.2208480835,0.443042069674,530025.125,5.23120832443,657.714416504
14,0b108cee-ae05-4c34-8bb3-1f386ed7ae44,Teardrops on My Guitar (pop version),Taylor Swift,A#,major,99.8624649048,0.93172544241,714939.875,2.92370820045,1763.10888672
15,0bc0ebeb-ff98-4be1-a2c5-4b47893e9ffa,Forever & Always,Taylor Swift,A#,major,128.081375122,0.932367503643,971603.6875,2.8361992836,1525.84472656
16,0be34240-e441-4bce-ab72-b64429cceef0,This Is How It Goes,Haley,A,major,125.923072815,0.939066588879,601226.4375,3.31086540222,1873.0769043
17,0c7ba2aa-502e-4f30-8d64-73d32b833124,Siłacz,Marcin Rozynek,A,minor,112.985725403,0.82400739193,1334319.25,3.82596540451,1421.25170898
18,0e5f1add-c943-49a0-b824-169e7f7b82da,Girls Just Want to Have Fun,Cyndi Lauper,F#,major,120.555671692,0.773281633854,618861.9375,5.56364393234,1849.45812988
19,0eddc76c-f280-4c6e-a5ab-571030415ce4,Dwa serduszka,Urszula Dudziak,D,minor,151.828308105,0.0450470820069,224031.46875,9.16504859924,658.894897461
20,0f7cbdb5-b045-40ba-b0c1-5f09ca48212f,Między ciszą a ciszą,Grzegorz Turnau,D#,major,125.032363892,0.728703737259,1612331.25,3.65739917755,792.123962402
21,0fe37a01-fa29-4913-9d20-ee8ff02b8305,Say You Love Me,Simply Red,F,minor,88.0821304321,0.636270105839,673028.875,4.44870853424,908.343017578
22,113c7319-e4f8-4da6-8196-c69221da944a,Jak rzecz,Kasia Kowalska,C,major,128.630218506,0.589571475983,1290838.75,4.86020517349,1169.8894043
23,11732e78-463a-4a95-b867-b35a0d70cd5b,Chłopcy Radarowcy,Andrzej Rosiewicz,F,major,132.989944458,0.897030889988,628772.5,4.46393823624,1569.26464844
24,12f09a58-e376-4847-aabb-255ede6e46db,The City,Ed Sheeran,F,major,97.9389419556,0.936518549919,1270276.75,3.25930118561,1095.09655762
25,1451a50e-0eba-4bd9-8cdb-d48814564bf9,Jestem kobietą,Edyta Górniak,G,major,99.9834136963,0.914194643497,1246516.0,2.95280647278,1969.33703613
26,148fa0d9-683f-4d2e-beee-1de818ad8fc4,One in a Million,Ne-Yo,F#,major,99.9865493774,0.904367029667,569146.0,5.34754991531,1040.83374023
27,14dd25d0-73cc-444a-846f-a5848d9ab753,W Polskę idziemy,Wiesław Gołas,C,minor,123.283668518,0.0726876407862,519982.875,8.42909049988,1130.39147949
28,1616df27-5db4-4e4d-a0e9-7add2330657d,A gdy jest już ciemno,Feel,G,major,139.996643066,0.927833557129,1203262.75,2.64664292336,1427.52380371
29,165bbf7a-daba-41d4-87d3-3f54c280c88e,Tylko mnie kochaj,Goya,B,minor,172.265487671,0.830135703087,1398410.25,4.37578105927,1338.9420166
30,1673ce65-a4b4-4b16-a33f-16547bed11bd,Jedwab,Róże Europy,G,major,110.303138733,0.863495647907,1138460.5,4.3663983345,1445.32531738
31,17658df0-e116-4aee-b799-4a341e9ace4b,It's You,Simply Red,G#,major,86.8204421997,0.889241993427,1122409.375,4.13317728043,830.659240723
32,17801948-7487-4716-855d-d69d1d1c0dcd,Szklanka wody,Bajm,D,major,122.980140686,0.884098649025,1305401.5,3.41783499718,1609.11547852
33,17eb8cd6-7bb0-4579-90af-dc38c1b3fc6a,The A Team,Ed Sheeran,A,major,84.9657897949,0.776120185852,1087383.5,3.72487592697,690.808105469
34,183e1666-9153-4605-8330-f0887f22e435,Do It (Original),Lazee Feat. Mohombi,A#,minor,123.887031555,0.970367968082,652827.125,2.89148855209,1498.86157227
35,185c8b28-ff7b-4097-9953-ed84cac000e0,A Thing Called Love,Johnny Cash,C,major,155.252319336,0.936559081078,1480571.875,3.44246196747,1397.55419922
36,1893bb06-26f3-4de8-b281-eec870212fed,"You Need Me, I Don't Need You",Ed Sheeran,A,minor,103.474159241,0.813038885593,1585502.625,2.36666870117,1364.92211914
37,1c72a1d0-433a-4e23-9e1b-409e298cb9d7,Dynamite,Taio Cruz,E,major,120.001327515,0.898615181446,396235.375,3.63706970215,1348.74560547
38,1cd90a27-6009-4726-8141-b61409095a06,Autobiografia,Perfect,A,minor,112.687080383,0.865629374981,1667976.375,4.97725439072,1626.94543457
39,1d08ef2b-7a97-4329-bc87-2d4e4ac65606,Rumadai,Arsenium,D#,major,138.054397583,0.954395234585,788954.25,3.25441670418,1526.41186523
40,1eb9cdc0-7175-4287-b78f-d8b0382979e9,Till I Lost,Tom Odell,E,major,119.967407227,0.929447114468,247216.34375,4.58027791977,1097.86499023
41,1f1ba4ba-e24d-4c0b-a5c2-f69ee9e974cd,Biały latawiec,Wawele & Jan Wojdak,A,major,136.104415894,0.300222665071,584895.5,8.51994037628,902.817565918
42,20f265dc-26b1-4ec0-9788-85acb17d7f90,You're Not Sorry,Taylor Swift,F#,major,133.840591431,0.890755951405,1154434.125,3.80707454681,1494.24255371
43,21be61f5-b88f-4579-a227-46e9cd2155f1,You Spin Me Round (Like a Record),Dead or Alive,B,minor,128.177825928,0.976617574692,588371.1875,1.61939334869,2222.19018555
44,232f4982-c146-4c68-8db6-651ba9ddc441,Kiss Me,Ed Sheeran,G,major,74.9718856812,0.721907258034,276032.28125,5.50003480911,524.891967773
45,23705c5d-bb88-4960-8f83-abec2ddf250e,So Amazing,Luther Vandross,F#,major,128.553588867,0.489542037249,572200.3125,5.89379644394,848.695556641
46,25dcbef9-381e-4237-8888-c58ab67b3190,Baby I Love You!,Jennifer Lopez,A,minor,111.950683594,0.717487692833,1144901.5,5.5765709877,1911.81054688
47,26290d76-ba05-4f65-acc8-6d08615f0489,The Best Day,Taylor Swift,C#,major,126.069038391,0.849664390087,721985.625,3.96216869354,817.560180664
48,26805176-717a-4694-b0f3-807eeec59421,Around the World (La La La La La),ATC,F,minor,131.866012573,0.941876709461,1182581.75,2.34857583046,1165.45922852
49,2688afdc-c279-4c9b-a0b3-60278da34710,Commander,Kelly Rowland feat. David Guetta,F#,minor,124.959823608,0.943630158901,1433211.75,2.2494597435,2221.66918945
50,273267ba-00e2-48ee-abda-468c6f38f14f,Szarpany,Płocka Kapela Podwórkowa,F,minor,136.041732788,0.95618468523,515348.34375,2.35823130608,1078.66247559
51,27361782-d011-4235-8f7a-9cf32b1c22ce,To Love Somebody,Nina Simone,D,major,91.9410552979,0.910172224045,3045503.25,3.45313334465,1289.4765625
52,27c7a306-bedd-4c8f-a9d6-39d0520b913c,I Like The Way,Eddy Wata,F#,minor,129.903213501,0.90400582552,1474836.375,2.26204848289,1693.44799805
53,27efe2ec-3567-4c48-8c2c-ddf7a16962ff,10 I do love you,The Beach Boys,B,minor,114.048690796,0.726443052292,450928.9375,4.50979375839,1170.33752441
54,282e6dc3-9953-422a-9f5a-7e3b3d43671e,Total Eclipse Of The Heart,Bonnie Tyler,G#,major,132.594970703,0.52033239603,1186888.25,6.3018913269,1451.93164063
55,28e418ee-9fb6-49e0-9f75-03184a09083b,Lego House,Ed Sheeran,B,major,161.899871826,0.918380737305,366254.6875,4.33540534973,795.029968262
56,29b5b370-11fe-49bb-b41c-b3bb10e3ad9a,Ze mną bądź,Hubert Szymczyński,A#,minor,117.488052368,0.125951185822,461124.25,7.7585735321,813.125488281
57,2a1c1246-f93b-4403-918d-18c3aac324d3,Fifteen,Taylor Swift,C,major,95.4608535767,0.928161501884,1029936.5625,3.31198048592,1370.60437012
58,2afb13ed-79f7-45dd-8253-09719c6421c1,Zabawa podmiejska,Piotr Szczepanik,G,minor,136.942443848,0.652515232563,1253306.125,5.36287307739,1639.75842285
59,2b9133d3-ff11-4ca9-8a62-d63711ab5c2a,W moim ogrodzie,DAAB,A,minor,128.121856689,0.587889134884,1359992.375,3.97602748871,1266.26184082
60,2c01d970-b4de-420f-8cbd-86712ce766e0,Mallorca (radio edit),Loft,F,major,140.024795532,0.89022564888,512628.96875,2.64053940773,1533.70373535
61,2c05aae6-6a9d-46d3-8793-8876affc083e,Amazed,Lonestar,C#,major,139.942871094,0.822212338448,1136249.0,3.91251468658,1552.42419434
62,2c805ab0-6796-4269-b96f-8265f4a2fb8f,Afire Love,Ed Sheeran,F,major,97.9373016357,0.79710495472,565889.375,5.72213363647,986.129516602
63,2e1e6826-4907-4e62-85c8-cc2f55d7e98a,I'm So Lonely,Beach Boys,B,major,95.9510574341,0.565286874771,446692.5625,5.77593517303,1613.32507324
64,2ea08679-c0f0-44d4-b151-114c9e2931da,Supposed To Be,Tom Odell,F,major,129.794494629,0.483079463243,428462.90625,7.64161586761,759.483459473
65,2ec68f9f-e687-47ed-b867-e9b575f482d6,Tenerife Sea,Ed Sheeran,G#,major,122.636795044,0.417509585619,566163.8125,6.69525289536,614.185668945
66,2ff23479-0275-4aef-9dfc-e818d8fdc6c0,Lipstick on the Glass,Maanam,C,minor,96.684463501,0.927007734776,1888188.125,3.17890906334,1780.06982422
67,3005cf22-a851-484b-8c4c-1ccdaac8bd7b,Zanim zrozumiesz,Varius Manx,G,major,153.345718384,0.114227570593,581528.6875,8.84805011749,1196.92749023
68,31470ef2-97bb-441c-a020-59d2f2da795e,Bumpy Ride,Mohombi,D#,major,105.004829407,0.960622131824,1106870.25,2.4421184063,1449.22595215
69,317375d5-149a-43f3-9037-db6caac1e96a,Should've Said No,Taylor Swift,G,major,166.395370483,0.939060330391,1335015.0,3.21877384186,1830.64709473
70,31cad3ff-25ad-4377-b1ba-9c2811a09ad9,Matador (radio mix),Ritmo Ritmo,A,major,101.946060181,0.967975258827,1284357.375,2.79358029366,1238.47912598
71,32684f7a-ee97-4614-ac16-feb916a5537d,If You Love Me,Brownstone,D,major,95.0749206543,0.870515584946,760201.875,3.94070982933,1346.35144043
72,32b9e24a-e506-4447-b12b-c73d6d1eb9bc,Tokyo,Danny,F,major,131.896514893,0.907187402248,410286.625,3.41350054741,1314.28601074
73,32fa4098-9918-451a-9c0a-7e649bfbbd17,dotknięte - sprzedane,Andrzej Piaseczny,D,major,178.205413818,0.942956447601,1578024.125,3.16169500351,1380.17382813
74,3449cf0b-bdbf-4320-b357-fcc55582be8b,See the Day,Dee C. Lee,C,minor,90.9183197021,0.868693947792,404914.875,4.29084539413,1100.01501465
75,349b506b-7c3d-4405-9513-abd1478d24e0,Konik na biegunach,Zespół Dziecięcy Hippo,A,major,132.829803467,0.908472895622,385635.03125,3.33469009399,1447.38952637
76,354fe8f1-bffc-40d8-913e-47416723aea9,Gonna Make You Sweat (Everybody Dance Now),C+C Music Factory,D#,major,113.288032532,0.92646420002,1939625.0,3.99921536446,2425.49047852
77,35c7a1cc-aa58-4377-9ec7-fbddd3732b2c,Take Over Control (Feat. Eva Simons),Afrojack,C,minor,129.762268066,0.969077467918,1610983.25,2.6364877224,1557.10742188
78,37ee3fa8-e36e-4139-b739-4f5ac4359dcd,I Won't Hold You Back,Toto,D#,major,102.025032043,0.235567301512,607031.5,6.59776592255,1403.48413086
79,38eaeb2c-f4e4-4d10-8a22-0accef1f642b,Male Ego,Beach Boys,E,major,110.046188354,0.726170361042,622947.3125,6.78631639481,1699.49755859
80,393dcc99-e47e-4d9b-b3ee-3e70ebd409d1,Magic Moments,Perry Como,G,minor,104.237007141,0.279917031527,476017.6875,5.05601167679,836.877258301
81,39d2ddb2-77aa-4c14-b407-409b793be7b3,Oczy czarne,Michaj Burano,C,minor,125.174888611,0.0544429942966,644503.5,4.40523386002,1639.67431641
82,3af4a34e-19a6-4a8b-8437-3aa888c9a351,Znak Pokoju,Virgin,D#,major,146.021621704,0.959453523159,1094298.875,2.42831087112,1528.47998047
83,3b15aaf8-7153-47e4-a373-998f5d57b672,He Was Born to Be a Taxi Driver,T.Love,E,major,149.299453735,0.971238195896,1161019.75,2.03517627716,1771.65539551
84,3d0618a0-b83c-475e-9e7c-ec2b679b4be8,9PM Reloaded (edit),ATB,A,minor,131.004379272,0.802962601185,1354927.75,4.08029079437,1738.18310547
85,3d1a06c9-dabb-4e70-bcff-2a51f2f96d89,I Know,Tom Odell,F#,major,147.917922974,0.890505492687,290889.59375,5.15579032898,1135.50354004
86,3fbd7a53-b176-4ef2-ab7b-3c49a9ef8946,Who Wants to Be Alone,Tiësto feat. Nelly Furtado,A#,major,117.932174683,0.951219320297,1272506.75,2.969632864,1505.04504395
87,4092ac8e-795c-4a68-a8f5-b22212c0c8d3,"You're My Heart, You're My Soul (New Version)",Modern Talking,C#,minor,119.341499329,0.957614660263,1531041.125,3.1996922493,1990.16650391
88,4097a3ea-44a6-49e0-8d3f-fb919b3ff3c7,If You Don't Know Me by Now,Simply Red,A#,major,94.1377639771,0.293715924025,1595816.125,4.81345319748,1038.63012695
89,41774ff5-b993-4105-b857-a87791f0340d,Nothing but Love,Axwell feat. Errol Reid,F#,minor,129.054199219,0.923336327076,635712.375,3.5095410347,1646.56982422
90,42f41c87-8b85-4672-a5da-e19ce2013063,Where Do You Go (Radio Mercy),No Mercy,C#,major,126.990020752,0.940856337547,786321.1875,3.08437347412,1504.16088867
91,43dfce1a-1dcc-4dd9-9df4-27db4bdc9c79,For Your Babies,Simply Red,A,major,95.9835281372,0.920308172703,386177.375,3.94906973839,808.305847168
92,43e6f44b-7279-48bb-ac4e-c02075f218ae,Bad Romance,Lady Gaga,A,minor,119.011322021,0.918394982815,948827.8125,3.5145368576,1755.19885254
93,455694ad-56b7-4311-81df-a585f1d368e3,I Wonder Why,Curtis Stigers,C,major,90.1650695801,0.608502328396,472510.625,3.84670257568,1600.61047363
94,4575211d-1f67-49ea-ad5d-86d90e3c4851,You've Got It,Simply Red,G#,major,163.967422485,0.867653429508,456679.28125,4.26861476898,1176.35388184
95,468bb085-0c20-44b3-8ca6-66c65cd688f0,I’m a Mess,Ed Sheeran,A#,major,138.6980896,0.806763708591,492641.3125,4.84145784378,839.479125977
96,4797bf50-8ae5-4a28-89e6-9e860942a94b,U cioci na imieninach,Szwagierkolaska,A#,major,134.799972534,0.856115996838,1624757.625,3.34873986244,2192.64135742
97,4943798e-dffd-4238-864d-d33a13c7fa07,Can't Pretend,Tom Odell,C#,minor,161.813278198,0.790666639805,361891.46875,6.6591334343,917.412536621
98,4a607ce9-031b-4fa8-9793-32f9a71a8ae7,Bleeding Love,Leona Lewis,F,minor,103.937385559,0.710631251335,1088136.25,4.0639629364,982.400939941
99,4c9b98c8-e039-48a4-92c7-0806d450e361,Smile,Simply Red,C,major,105.144805908,0.758149445057,579363.25,4.35530424118,851.045959473
100,4cfcc676-842a-42ec-959b-b8605155331f,Stereo Love,Edward Maya Feat. Vika Jigulina,C#,minor,126.8126297,0.954285979271,1128814.625,2.53652405739,1170.20214844
101,4d3931c7-ed6c-4e0f-8707-6795fcd2bae9,Kiedy powiem sobie dość,o.n.a.,A,major,82.6688461304,0.593399345875,1060021.625,5.07458734512,1623.03613281
102,4d3bd093-47ff-4887-a256-42e21c610049,If I Could Turn Back the Hands of Time,R. Kelly,G#,major,162.310577393,0.213174268603,1042292.875,6.7208647728,934.926879883
103,4db950a6-b6a9-464b-b136-9146f4ac964f,Beside You,Simply Red,F,major,148.845504761,0.572286784649,1152697.875,4.63364839554,873.040649414
104,4e107b9f-5b4c-49d0-b64f-f6c6f249d8ab,I Was Drunk,Riva Starr feat. Nôze,A,minor,128.05128479,0.904485762119,2032914.125,4.12053251266,1709.60302734
105,4ee00f62-b61c-4236-98b7-b511b5ae31a7,Sing,Ed Sheeran,C#,major,120.001838684,0.868197202682,843927.625,4.66236305237,1393.88439941
106,4faee12e-6370-459f-97a2-8d7bf118ccb8,Nice & Slow,Usher,G#,major,121.952415466,0.835192799568,744616.0,5.58335542679,1129.67895508
107,4fe6c103-a818-43bc-9d81-dd110460a5b2,Spadam,Coma,G#,minor,118.308074951,0.910305678844,1028015.25,2.45517396927,1187.0604248
108,4ff699c2-eeef-455e-a785-fea66a38cbfa,Me and Mrs. Jones,Billy Paul,A#,major,99.0557479858,0.842589974403,810866.0,2.96297812462,621.196960449
109,501ec3c6-ea42-43ad-afce-781e17a015c1,Skóra,Aya RL,F,major,88.489692688,0.909320473671,539843.5625,3.3104326725,1585.10290527
110,50ab3485-3f2b-435d-a57c-35c7556c0576,Sense,Tom Odell,G#,major,144.737289429,0.0145223475993,296340.84375,12.9317359924,574.773010254
111,526776fb-9896-4559-abce-54504d4a267b,Born to Make You Happy,Britney Spears,B,minor,166.411071777,0.795969307423,1201594.0,3.28653693199,1367.64819336
112,526f5303-dc68-4ac0-9587-b3cd33a5c5b6,Love Story,Taylor Swift,D,major,118.986831665,0.820115029812,1083883.75,4.74016904831,1555.20495605
113,54372710-58e2-4924-991f-c7c6c14061d9,Scream,Kelis,F,major,127.981758118,0.943347156048,707344.0625,2.21298861504,1608.94152832
114,5551cb87-aa3d-4a93-bcdb-eafce4f6edeb,Girl i'm trying,J Brazil,A#,minor,119.973426819,0.952640354633,1436503.75,2.44947075844,2039.80334473
115,5666fe48-f9cc-470c-8f32-b5d7954e1c1c,Don't Say a Word,Sharam,G#,major,127.99433136,0.93177229166,1678532.375,2.45604896545,1271.96801758
116,56856396-51ec-4e14-903a-3ef478bac052,Perfect Day,Lou Reed,A#,major,144.500823975,0.102533116937,856819.1875,7.08813142776,605.643188477
117,56e19114-f7a8-45a6-b938-3f5503b381b0,I wszystko się może zdarzyć,Anita Lipnicka,D,major,98.4422912598,0.89754909277,1210387.375,3.55855607986,1007.06182861
118,57a2b620-ba3a-4930-9c04-d46efa2d779c,As Long as You Love Me,Backstreet Boys,F,minor,98.1616973877,0.858448088169,1001666.5,4.16749572754,1007.62445068
119,58781807-35d9-4082-abb0-ab03e6ff7c92,Tell It to My Heart,Taylor Dayne,G#,major,118.063430786,0.946252167225,874695.9375,3.42734622955,1860.13720703
120,595562f2-77b8-4c3f-af8b-7e8a221d51e0,Acapulco,Ricchi e poveri,F,major,117.91318512,0.956119418144,1043888.0,2.5792965889,934.828857422
121,5b20a7d0-adce-461b-852b-1e622bb25b2a,Time After Time,Cyndi Lauper,C,major,130.477233887,0.759013533592,815460.3125,5.20219421387,1024.9498291
122,5de61c6c-664f-476b-abc6-0df24814f042,Kocham Cię jak Irlandię,Kobranocka,D,minor,112.703857422,0.775184750557,1077991.5,3.90844583511,1192.23181152
123,5fff9833-36cd-4ca2-8277-99b58da3ae5b,The Final Countdown,Europe,F#,minor,117.246513367,0.951447606087,320229.75,2.35867857933,1844.9029541
124,60b13097-f5e5-4ee8-8933-7dc0f3e6bf92,Somebody to Love,Justin Bieber,A#,major,129.970550537,0.934114634991,557328.625,3.98462843895,1707.52075195
125,615cdddf-2527-485d-b166-e53ef1114b0f,Lovesong,JES,A,major,135.054763794,0.936133027077,708151.125,3.47360801697,1705.04748535
126,62ab42ea-ed35-4643-8542-b96d5b43d9d5,La-La Means I Love You,The Delfonics,F#,minor,85.7706451416,0.751189351082,325832.875,4.43979787827,820.906799316
127,63ff9596-1f96-4ca1-9c2c-c58145ebd475,"Maciek, ja tylko żartowałem",Kazik,D,major,99.3536529541,0.68621391058,412218.8125,4.05874538422,1588.3079834
128,640433d2-d3f5-4059-ac87-2feeaa351498,Czerwone korale,BRAThANKI,G,major,129.860198975,0.928851723671,1193585.875,3.2655684948,1688.13745117
129,6439ff47-6d11-4d3b-a7f8-18628ccfbbcb,Fallen Angel (edit),Elbow,D#,major,128.004241943,0.961442649364,1481640.875,2.71736001968,1603.84155273
130,64f83227-6a8e-4f10-99b8-d39fab286807,Russian Roulette,Rihanna,C#,minor,80.0528411865,0.605989873409,508956.0,5.89531564713,1194.9786377
131,654091bd-32e0-4631-9f18-167be1788a6e,You and Me Song,The Wannadies,D,major,147.318466187,0.662607371807,3002140.75,7.7550868988,1779.69226074
132,6616acde-aadf-4bbc-b1ca-8c61bd5096c8,If I Ain't Got You,Alicia Keys,G,major,118.124900818,0.502941012383,570310.75,6.6745672226,1133.35998535
133,6715d55f-2bd8-4bbf-be45-b5bff4d41624,Im więcej ciebie tym mniej,Natalia Kukulska,G,major,99.9767456055,0.452526956797,1128918.625,4.22960662842,1025.42553711
134,677683ae-9928-49f3-9541-ad717fd16ed6,5 She believes in love again,The Beach Boys,A,major,126.086143494,0.328315168619,2276177.0,5.19759273529,1511.29125977
135,68538f2a-9f40-4ef0-9a92-7f6cf36bf3ce,Love Song,Sara Bareilles,F,major,123.029968262,0.911355435848,599212.3125,2.86358141899,1589.45727539
136,6b757e6a-c99b-44ca-8825-29a27a54703e,Spacer dziką plażą,Stan Borys,A,minor,123.362480164,0.865058064461,537484.6875,2.9458990097,2071.50341797
137,6beb1698-5aa3-42b6-9ace-83936f86d128,Find My Love,Fairground Attraction,B,major,148.827209473,0.545620441437,1225243.0,7.99092483521,1236.12158203
138,6c04bc3a-1cd5-4653-92af-1bb2a554f8ec,Without You,Harry Nilsson,E,major,129.664825439,0.275172442198,692677.625,7.3847990036,1146.2442627
139,6c830273-59df-4ee3-99ed-a92b55c6a039,Siedemnaście milionów,Toni Keczer & Czerwono-Czarni,A#,major,100.178726196,0.676377475262,1003350.5,5.16986465454,1413.87902832
140,6d05784c-4090-4a14-97c2-d06861685833,About A Girl,Sugababes,F,minor,127.031585693,0.947442412376,402910.4375,2.75917053223,1554.47265625
141,6e8485b3-e710-4be9-a823-5b0ee7dcb0ba,Lato,Formacja Nieżywych Schabuff,A,major,119.71672821,0.947830796242,1326858.75,2.94781351089,1097.56359863
142,6ee5cb2d-19f5-40c0-99fe-05bc76f57527,Innocent,Groove Coverage,E,major,130.041763306,0.951387107372,1653110.875,3.07052516937,2057.16210938
143,6f3b538c-9a7d-4b3a-b31f-1b1dfcd24d43,Hey Ya!,OutKast,C,major,161.653518677,0.975399792194,359388.90625,2.92740345001,1072.51464844
144,70ecebf2-6dc0-4cc8-8f6c-52f7de1fdeb0,You Belong With Me,Taylor Swift,F#,major,129.954818726,0.864579021931,1107293.625,3.8486263752,1619.02661133
145,7210c300-bbf0-45d9-912d-71dc27364852,Runaway,Ed Sheeran,G#,minor,95.0820159912,0.951969981194,672524.4375,3.43613815308,1080.17150879
146,72d065a3-edc9-4d0f-a846-ec9edab7e044,Frontline (Cahill radio edit),Shaun Baker,D,minor,128.053009033,0.973864614964,1417248.75,2.34913992882,1789.85754395
147,74b539b7-2538-499e-ae48-e030d2d2ca71,Crack at Your Love,Beach Boys,D#,major,107.12727356,0.874124646187,539655.8125,4.74803209305,1356.49084473
148,74db4b0f-55a6-4790-af26-94aea5992b99,Touch a New Day,Lena,G,major,84.0310134888,0.836039364338,415777.8125,4.2466840744,805.577514648
149,783346fd-72b1-4e7d-a0c1-6dc7ce34a55c,Ewakuacja,Ewa Farna,D,major,106.644691467,0.93784481287,1334809.125,2.63862776756,1879.51501465
150,78c2a211-1c63-48f1-ad20-28b70eb98491,Down Under,Men at Work,D,major,107.097114563,0.919342756271,1077015.625,4.3367099762,1650.95141602
151,79642514-f746-4098-953b-fe609ba8570b,Sirens,Tom Odell,A#,major,147.392272949,0.853811144829,658788.9375,5.26844739914,907.018005371
152,7985ec73-e64e-43d3-8c3d-f756e9253896,Mr Vain,Culture Beat,D,minor,132.797348022,0.921492338181,1265517.625,2.94190096855,2302.77661133
153,7a679f1c-3af4-4ecf-a68e-a6fd684d47c1,I'm Outta Love,Anastacia,A#,minor,119.46232605,0.840847551823,728712.3125,5.11969661713,1596.72973633
154,7a75fa8e-e163-40c7-98ee-c0760bc9000e,Son of the Blue Sky,Wilki,G,major,164.259750366,0.941590189934,982256.4375,2.46537923813,1940.18896484
155,7abb6b92-4c67-43ce-b782-cd9bedb356bd,Can’t Stay Away From You,Gloria Estefan and Miami Sound Machine,D,major,154.325057983,0.435083836317,1336106.75,4.11166763306,1533.72546387
156,7c8e08c1-cc74-4129-b685-c7ba2bb78a4d,Hello,Martin Solveig,D#,major,128.086700439,0.915269970894,287875.5,2.59800434113,1475.66943359
157,7ca1b54c-2995-4ece-8e58-54376095966b,Chica Bomb,Dan Balan,A#,minor,127.88785553,0.884584784508,908968.8125,5.70241594315,1272.32617188
158,7dcbc1be-4257-4d64-b915-045dfb23ae88,Photograph,Ed Sheeran,E,major,107.9139328,0.455564498901,484460.5625,5.65115833282,604.501159668
159,7ec76953-ec7d-4c69-9cb6-a12c3c23cf90,Sunny,Boney M.,A#,major,122.217330933,0.918419241905,455384.5625,4.68946313858,1591.25158691
160,7ec91180-0ed9-4fb9-a612-d82d919248f0,Fever,Bette Midler,A,major,128.091827393,0.57547044754,730089.75,5.18719244003,1302.28552246
161,80033c72-aa19-4ba8-9227-afb075fec46e,Wake Me Up Before You Go-Go,Wham!,C,major,81.5228424072,0.913266420364,866770.0,4.12973499298,1577.34484863
162,8180501c-1ca9-41ed-bbe8-6b7dd735e717,"Jezu, jak się cieszę",Klaus Mitffoch,E,minor,155.143920898,0.940848231316,2029222.5,3.06599831581,1693.00805664
163,820dd164-f058-498b-9761-19767fecc220,When a Man Loves a Woman,Michael Bolton,A#,major,95.8732376099,0.565041780472,1411855.25,4.84445953369,842.019348145
164,827992de-69c5-4f34-8dae-6a34c3183f63,Ready to Go,Republica,G,minor,129.756393433,0.937641263008,454164.1875,3.49761891365,2102.09277344
165,82ccbe89-1e40-415c-b30f-4faf178ae86f,Fever,Cascada,A#,major,128.126312256,0.948674201965,533175.5625,2.07501316071,1328.20324707
166,83fbadf2-bced-4ccd-939a-5e1ac1eb505a,Kiedyś cię znajdę,Reni Jusis,F,minor,130.006347656,0.885022163391,1440113.625,3.82270550728,1101.78808594
167,84ace94b-c3c9-4d65-a5e6-e13efd30084f,Another Love,Tom Odell,E,minor,122.777244568,0.528080582619,357411.15625,7.26218557358,854.126220703
168,84eade34-0ba0-4b87-81bb-eda111290ee5,Shy Guy,Diana King,D,major,94.0096359253,0.82060366869,986755.375,4.35027265549,1926.80273438
169,8746a53a-90bb-47d6-aa1a-afb06ed86edf,If You Don't Know Me by Now,Harold Melvin & The Blue Notes,B,major,93.2274703979,0.71241235733,1157897.0,5.4556646347,1540.35058594
170,882a8c40-b184-446d-8510-88460a6a6f11,Fearless,Taylor Swift,F,major,99.9838638306,0.923127472401,945087.125,3.35397100449,1605.01391602
171,88ba39ea-e81f-40e5-8233-284c88184149,Funny Little World,Alexander Rybak,G,major,150.112716675,0.398971170187,875172.375,4.76864957809,1365.60852051
172,89654305-9ea1-40ea-99b0-5d10cf3ab490,Monday Morning,Melanie Fiona,C#,major,89.9673156738,0.900621950626,677189.0625,4.240711689,1538.3614502
173,8bf676b5-b1cb-401d-8aa1-2b10e830432a,"Prócz Ciebie, Nic (feat. Kayah)",Krzysztof Kiljański,C#,minor,102.009307861,0.885981500149,326444.5625,3.83754944801,745.703674316
174,8cb8002b-b613-4bea-9750-73ca32d96592,Stay With You,John Legend,A,major,124.323738098,0.866169035435,396398.75,3.83520388603,675.252929688
175,8f04a264-df02-4856-95aa-830821353a1e,Snus (Radio Edit),Avicii & Sebastien Drums,C#,major,125.95664978,0.9445977211,472602.8125,2.56732749939,1201.48620605
176,8f0bef07-1ae9-41b3-939d-caf0bca2ce5a,It's Gettin' Late,Beach Boys,E,major,95.0245819092,0.735967814922,554388.1875,6.49260234833,1595.21081543
177,8f3471b5-7e6a-48da-86a9-c1c07a0f47ae,Never Gonna Give You Up,Rick Astley,G#,major,113.260269165,0.975585877895,491306.5,1.90105175972,1902.77307129
178,8fc4e071-f70b-4ae5-a50d-e7b94de7e381,10.Statki na Niebie,De Mono,C,major,102.723495483,0.750068306923,407746.8125,3.97151303291,765.982788086
179,900c26eb-e3a4-481d-9c3b-dd8963a7c185,I Wanna Dance With Somebody (Who Loves Me),Whitney Houston,C#,major,118.777885437,0.834781229496,607787.75,4.35151958466,2157.27734375
180,9037fd5b-e74f-49c9-90aa-9c8d08ee160a,Don’t,Ed Sheeran,A#,minor,95.0040206909,0.880846381187,897477.125,4.34211778641,1423.94396973
181,904d88cd-b119-4a0b-b3da-2bef6e2972f9,Wake Me Up,Ed Sheeran,A,major,91.7493591309,0.427103668451,967154.375,10.9938173294,720.273864746
182,906b73e1-5680-4a27-bde6-ace03fe52b3e,Meet Me Halfway,The Dooleys,B,minor,129.946456909,0.807274699211,1407638.875,4.14383125305,1611.94689941
183,910f25a1-6700-40b0-80cd-c1cecf52db6c,Całuj mnie,Piersi,D,major,134.416549683,0.912598073483,1149219.875,3.00993943214,1724.77844238
184,9197b41b-989c-4aaf-ad67-f88054363347,Push Push,Kat DeLuna feat. Akon,A,major,129.919158936,0.912998318672,1012456.9375,2.91664242744,1746.80151367
185,92f2ba50-8045-4fa9-a4a4-2235d8fca21e,I Will Always Love You,Dolly Parton,A,major,135.97769165,0.362466871738,249779.015625,6.92669343948,688.466674805
186,9735bdfc-0b5b-4063-84da-1a0f656e59ee,Shake You Down,Gregory Abbott,D,major,94.5676879883,0.898168921471,901543.3125,3.91098594666,1251.11755371
187,981286a7-80c1-4b93-a4d7-58fe77d9f6dc,Love is forever,Billy ocean,G,major,131.981002808,0.817700028419,360515.59375,3.73455834389,883.031738281
188,984298e6-0cfc-4e98-9465-face3a5002bf,One Time,Justin Bieber,E,major,146.013000488,0.943580031395,972136.25,3.42772436142,1921.29016113
189,987d19ec-f526-4c88-b61c-fdd549a31519,Un-Break My Heart,Toni Braxton,F,major,109.905670166,0.811452686787,907542.0,4.42997360229,1094.12475586
190,99382fab-f85e-481e-b174-a4a6c8e2742d,Grow Old With Me,Tom Odell,G,major,145.826873779,0.516910612583,711803.125,5.48850297928,847.110229492
191,99b7e978-e259-4aa5-8f4b-00b043da4d54,(Take a Little) Piece of My Heart,Erma Franklin,D#,major,82.0666809082,0.89188605547,753482.4375,4.04234886169,1582.85058594
192,99ee947a-1c42-42a6-ac68-066a18a25a90,I Live for You,Marvin Gaye,C,major,151.430358887,0.909545004368,310373.75,2.76356577873,1005.99963379
193,9aa77fa3-1a7d-4ff9-a5ce-8c3dc072fa52,...Baby One More Time,Britney Spears,C,minor,92.9811019897,0.693102121353,1641043.25,3.96009969711,1627.18518066
194,9b37f181-9f71-4852-8f79-3862e49bc2da,I’m in the House,Steve Aoki feat. Zuper Blahq,F,major,132.743774414,0.943421840668,818102.5,3.25296139717,1756.26599121
195,9bd8a0ed-8969-41e4-b964-165f44e7dfd6,Amazing,Inna,D#,minor,129.950500488,0.94216632843,1424554.375,2.97437381744,982.575195313
196,9d1e1dd0-19de-4f31-a26c-a4ff7787446e,Keep on Loving You,REO Speedwagon,C,major,172.26550293,0.937909781933,384031.5,3.06106376648,1323.91796875
197,9db7da73-c58c-4428-b5bf-8d9cf3129a7d,Kiedy byłem małym chłopcem,Breakout,B,minor,120.841407776,0.718388915062,1456594.375,4.88650226593,971.295349121
198,9eaef3cb-8b87-494d-8e80-3f43c550b480,Macarena (Bayside Boys mix),Los del Río,G#,major,103.157562256,0.930005848408,1101418.25,3.0945827961,1330.0859375
199,9f0682aa-7525-4e8c-9208-654e036a1b6e,Greatest Love of All,Whitney Houston,F#,minor,131.149795532,0.541138350964,1691366.75,4.68774604797,1017.92407227
200,9feb5734-ca5b-4894-88cb-df1474e6b73d,Por ti sere (You Raise Me Up),Il Divo,A#,minor,117.123153687,0.241071209311,507669.40625,5.61828947067,1108.9161377
201,a12d87bf-a128-4684-85cb-722114dce671,Misty,Johnny Mathis,D#,major,126.282684326,0.813377261162,1213440.75,3.72485566139,868.441894531
202,a1471177-4d82-4e56-a505-aa45951f0921,Smells Like Teen Spirit,Goya,D#,major,99.8458099365,0.7804672122,1213940.75,3.21434879303,885.963562012
203,a18fe8f0-00db-4acd-9003-467bf3c5c23a,Boy Like You,Charlee,D,minor,119.974769592,0.96225976944,511271.5625,2.85213661194,1469.59570313
204,a1cfab7e-9d8d-43b1-87e1-05152ed9aa9a,How ’bout Us,Champaign,A#,minor,145.39604187,0.815972507,1610137.5,4.05274486542,1474.83874512
205,a2180d36-33eb-4581-a1a9-b65cd4f83a69,All By Myself,Eric Carmen,F,major,117.672561646,0.616270244122,828590.125,7.03199958801,1349.47668457
206,a3824537-8305-4b34-8897-9b7f46a1569e,Wlosy,Elektryczne Gitary,A,minor,102.562164307,0.964124381542,1780288.75,2.27144169807,1454.57446289
207,a498f2e4-eacb-4ea9-abd0-feee5d6c7e34,Zaopiekuj się mną,Rezerwat,D,minor,99.4244766235,0.893074512482,381785.875,3.60257768631,899.98828125
208,a522ca12-4aef-406f-a079-442486c57b82,La la laj,Ewa Farna,E,major,155.706192017,0.860401928425,399109.84375,4.09597492218,1281.31945801
209,a6920b19-2b81-49aa-a401-698e14ea66f7,Shine,Deal,C#,major,126.788650513,0.933896780014,1652839.75,2.60500264168,1702.4050293
210,a70a3b56-3b3e-4b4d-80aa-185eb980e5ae,Boskie Buenos,Maanam,A,major,117.183151245,0.960806250572,1339849.5,2.83937978745,1715.76782227
211,aaa145c7-e68c-4cdd-b500-2ea85d0ba1b1,Supermenka,Kayah,A#,major,112.820907593,0.959800243378,1210775.625,3.24333810806,1252.69824219
212,aabca64f-b2a7-4bfa-ad0b-76c62913df67,Can't Help Falling in Love,Elvis Presley,F,minor,100.664344788,0.885186135769,2429464.75,3.42127609253,566.709533691
213,ab89565e-c9f6-4f23-b40d-cdc6f0625104,Nikt nikogo (i tak warto żyć),"Raz, Dwa, Trzy",A#,minor,106.220932007,0.957497298717,777362.25,2.52338480949,1304.40258789
214,abe26875-6d79-40af-b26d-61093b7cad70,Give Me Love / The Parting Glass,Ed Sheeran,F#,major,116.888618469,0.337342232466,4368123.0,8.00131702423,1147.39794922
215,ad0748e1-f32e-415b-a37e-58382672cd8b,All That Is Thirst,Pati Yang,D,minor,172.265090942,0.945949852467,1440841.875,2.40224432945,846.169311523
216,afdde182-88f5-4fe3-aec1-ddddc4e8ae11,Someone Should Tell You,Lemar,G,major,89.1272125244,0.759021162987,471216.5625,5.46804857254,1044.83447266
217,aff2eea7-3ab5-4f7e-81ea-83d441ec8158,Can't Take My Eyes Off You,Andy Williams,F,major,124.868652344,0.823995113373,1252534.625,4.04260587692,913.082824707
218,b00ee520-3800-4e19-a8ac-40f7ca153529,Your Love Is King,Sade,D,major,89.7596435547,0.906431376934,606135.625,3.71043658257,1009.66021729
219,b0823664-01fd-4cdd-99f0-362059a4aeae,It's Just a Matter of Time,Beach Boys,G,major,76.8843536377,0.600725412369,205406.75,6.14272451401,903.407104492
220,b0df528e-e1e3-450f-8a52-32dd5f085c2b,When You Come Back to Me,Edyta Górniak,D#,minor,121.988143921,0.288574188948,572720.375,4.91376304626,970.710388184
221,b0e451f4-efc9-473d-a4dc-43bb3be9839c,(I’ve Had) The Time of My Life,Bill Medley & Jennifer Warnes,A,major,108.246406555,0.553748846054,614032.5,6.4964723587,1911.39404297
222,b1285142-2a99-4321-84be-b78033c31361,Bones of Love,Anita Lipnicka & John Porter,D,minor,133.680740356,0.945595443249,467754.0625,2.45134782791,1043.66259766
223,b1a0b6cf-099b-4d85-8de9-9b7b84828e5b,Dziewczyny lubią brąz,Ryszard Rynkowski,D,minor,117.862518311,0.836876630783,1167651.875,3.02810716629,1654.93115234
224,b2ca7aff-f26d-4648-b154-db04ec4e62cd,Annie's Song,John Denver,D,major,147.73651123,0.648407161236,1879991.25,4.90406274796,1089.49707031
225,b3863134-0129-4b46-89b4-cb39a99f7f54,Tell Me Why,Taylor Swift,G,major,99.9913711548,0.917550563812,1005477.1875,3.33867359161,1754.90649414
226,b4acd7eb-b764-4d58-a23f-adf00ccca672,Jeszcze sen,Stanisław Sojka,B,major,122.019927979,0.704020798206,1235072.5,2.99300885201,1017.03894043
227,b56259c3-b49d-47b6-b90e-4e12943ff573,Siedze I Mysle,Beata Kozidrak,D,major,102.970123291,0.883276462555,1326585.25,3.95747804642,1224.09973145
228,b78ac409-b841-41bc-a32e-a06e68080ebc,Świat się pomylił,Patrycja Markowska,F#,major,129.836166382,0.584014713764,1757494.875,7.23886919022,1775.79907227
229,b7ba747b-f975-40a2-948b-0c064299aff9,Underneath Your Clothes,Shakira,D#,major,82.7403793335,0.419693797827,612309.875,5.31894302368,679.116210938
230,b8a53072-515b-4d87-ba7e-f82967dc8555,The Way I Loved You,Taylor Swift,F,major,161.822021484,0.935037732124,1049644.0,3.48459815979,1665.50805664
231,b92924d5-6c95-4210-9800-1e28b6326f64,Zapytaj mnie czy Cię kocham,Republika,F#,minor,95.3033065796,0.859989643097,1612543.0,3.87996387482,1317.58398438
232,b93cf493-c00c-4814-8e26-332968751a21,Mniej niż zero,Lady Pank,G,major,136.918807983,0.954080045223,1116330.875,2.0280828476,2308.12402344
233,b96f1da4-7d33-441a-b36c-806a497d1fa5,Can't Smile Without You,Barry Manilow,G,major,98.5327072144,0.929655969143,1620766.25,4.10076951981,1861.80908203
234,b97cdbce-67ab-4b33-8fa2-d76471a5b80b,Prawy do lewego,Kayah i Bregović,C,minor,172.265274048,0.719636380672,1499235.25,4.54393720627,1613.60400391
235,b9952969-8960-45e7-bc07-4f3af9acf1c7,"Dzień dobry, kocham Cię",Strachy na Lachy,F#,minor,136.010269165,0.959727287292,1512947.75,2.65896964073,1458.25317383
236,ba21e80e-8589-4d60-8688-71bf8478e556,Czy te oczy mogą kłamać,Jan Pietrzak,C,minor,117.160621643,0.919499278069,547145.5,3.74021649361,1254.44702148
237,ba53bb6e-27f9-4830-b2ea-0a14d46cb17f,Breathe (feat. Colbie Caillat),Taylor Swift,C#,major,148.012405396,0.832197368145,937435.125,4.69365882874,1173.2911377
238,ba722a2d-4671-4101-9eb9-03b5504cfe12,Everytime You Go Away,Paul Young,F,major,82.1255569458,0.851189672947,641255.625,4.5294213295,1158.43786621
239,bad13390-a90a-48ee-86a9-8be42bfe1f00,Can't Get You Out of My Head,Makowiecki Band,G#,major,119.922164917,0.548036813736,883457.8125,6.55106592178,1222.31018066
240,bae03cf4-7828-4ced-a493-cc7642093bf6,Ev'ry Time We Say Goodbye,Simply Red,C,major,89.9720916748,0.90272796154,316189.4375,4.1434636116,513.044250488
241,bb31cc9b-5816-4bee-afa4-84e60d390d26,The Man,Ed Sheeran,B,minor,172.265319824,0.855114459991,748265.375,4.70271539688,1026.38757324
242,bb428961-1b6b-4ea4-83d8-313dcc21158f,I'll Never Love This Way Again,Dionne Warwick,G,major,130.322174072,0.657872974873,806738.4375,6.28820133209,1450.18054199
243,bba49b40-0287-40b1-9e05-d599724fa323,Rainbow Of Love (Feat. Ben Onono),Bob Sinclar,A,major,129.810745239,0.955448031425,947705.875,1.83850061893,1509.48474121
244,bba63c91-2d31-43af-af39-6210dc6fb44d,Situations,Agressiva 69,D,minor,92.9457855225,0.880949914455,1387897.875,3.8724834919,988.535400391
245,bc4d3f97-b6a1-4631-92d5-0de0d289b744,Shiver,Natalie Imbruglia,F,minor,94.2714004517,0.94463133812,635528.6875,3.32172179222,1234.05175781
246,bcafe3bb-1731-4fad-a3d5-c3961be13e0a,The Look of Love,Kenny G,F,major,104.679725647,0.629502773285,279183.34375,5.56939744949,754.914855957
247,bd131bbc-2d5d-404d-9552-d33f192d0896,Holding Out for a Hero,Bonnie Tyler,B,major,149.119644165,0.844257116318,550338.3125,3.29615330696,2126.74365234
248,be8df2b2-7965-4855-9699-0251a570f18d,Hey Stephen,Taylor Swift,F#,major,115.998222351,0.930290281773,1455388.0,3.68176651001,1233.68676758
249,bed25b7f-15af-48e8-a62f-6aa41faf3b10,Eye of the Tiger,Survivor,G#,major,108.854354858,0.62321639061,1353667.375,5.76312351227,1227.32617188
250,c090d0d0-79f7-488b-bb47-4e85d16b0e14,Łoże w kolorze czerwonym (wer. akustyczna),Sztywny pal Azji,D,major,114.003364563,0.878791093826,1012762.0,4.2231502533,1127.42565918
251,c1a486fb-223a-4e3d-b6fc-19def43155a5,U.N.I.,Ed Sheeran,F#,major,148.88520813,0.854517042637,505973.53125,3.7317097187,782.465881348
252,c2154fd6-e82e-4283-b84b-cd6d72780028,Sign Your Name,Terence Trent D'Arby,F#,minor,109.144485474,0.759938657284,615492.125,5.06843280792,1345.96166992
253,c33b2424-2fc3-4bf1-aa60-8e6e2650e954,Sen o Warszawie,Czesław Niemen,A#,major,88.9163742065,0.785208106041,665664.625,3.56332373619,1403.40185547
254,c3a3deb2-ed06-42a7-8ed8-a28364395f47,Soundwaves,Angie Be,D,minor,129.916992188,0.963715434074,895482.5625,2.16023278236,1368.17346191
255,c44dc5d0-7c4a-4629-8d1e-f5268a8f7bae,I Knew You Were Waiting (For Me),Aretha Franklin & George Michael,E,major,107.850013733,0.740165293217,1121125.375,4.73945760727,1739.81115723
256,c46a220b-32be-4094-b38c-78b84d76ec0a,White Horse,Taylor Swift,F,major,92.3039169312,0.843865156174,1086809.0,4.40771627426,1073.10241699
257,c4cdf242-b8a0-443e-961f-21b80835f90a,Tak bardzo się starałem,Czerwone Gitary,G#,major,97.1025009155,0.842300236225,756108.0,3.21710467339,2045.42578125
258,c6dd6c5e-fa76-4b2b-adfd-f070abac3854,Long Way Down,Tom Odell,D#,minor,132.428268433,0.352887034416,150292.40625,9.4521112442,515.428894043
259,c73b2896-fb6c-4f74-9efe-a9aca76684ec,Tolerancja (Na Mily Bog),Stanisław Sojka,D,major,100.242736816,0.877925395966,1165616.875,3.20716524124,848.233581543
260,c78f9ba3-3041-412b-8de8-952bcf68ce56,Forever And A Day (Radio Mix),Fragma,A,major,129.971542358,0.963501691818,381194.9375,2.16115403175,1204.76733398
261,c7a9ec28-05a5-4af9-8221-fbeabe43d43e,I Have the Love,Simply Red,D,major,140.014282227,0.924800992012,972728.1875,3.74798846245,898.961303711
262,c7d5d7cf-7046-4d52-ab09-af646028e9e3,Bromance (Avicii's Arena radio edit),Tim Berg,C#,minor,126.051147461,0.778519034386,604429.8125,3.87724685669,1066.65917969
263,c7e5724c-b908-4c44-abd5-e376f9bb752f,Put Your Head on My Shoulder,Paul Anka,E,minor,115.263839722,0.923204123974,891682.875,2.60024547577,1232.26989746
264,c818b7d9-c6db-438e-8e11-6e790f522101,Think Twice,Céline Dion,F,major,134.414916992,0.0906696245074,666921.75,7.90464830399,1326.43823242
265,c84604ca-b47d-4f84-b094-ecc23d0ed04d,Żałuję,Ewelina Flinta,G#,major,164.006149292,0.87701690197,1239779.375,4.13971138,1350.75292969
266,c878ef2f-c08d-4a81-a047-f2a9f978cec7,Scatman,Scatman John,A#,minor,136.016799927,0.95389342308,1553779.0,2.88398313522,1260.05395508
267,c8822c5a-b6e6-4c15-ba4c-676f3651f522,You're Not Alone (radio edit),Tinchy Stryder,A#,major,129.811462402,0.884071350098,1390258.375,2.08639097214,1637.28747559
268,c903b122-7d08-4194-9381-0f4c62d20468,Kocham Cię,Chłopcy z Placu Broni,E,major,126.06993866,0.618719518185,1034947.0,5.76967144012,1046.8026123
269,ca8bc972-15fe-4e2e-82dc-e578f88e64a4,Grade 8,Ed Sheeran,D#,major,100.988739014,0.947016477585,1404994.0,3.65044164658,1321.46691895
270,cb278a4d-187b-4677-8ab3-97defac516cf,King,T.Love,C,major,109.579154968,0.969584822655,1055696.375,2.14169812202,1396.54003906
271,cb2cc207-8125-445c-9ef9-6ea44eee959a,Thinking Out Loud,Ed Sheeran,D,major,156.320404053,0.899370253086,581558.9375,6.09468841553,932.870727539
272,ccdf10f6-c0d2-4e11-bd61-45604898d3e6,Everybody (Backstreet's Back),Backstreet Boys,A#,major,107.792564392,0.830793499947,1555594.125,3.92191410065,1238.71728516
273,ce9551bc-8755-4eac-bbd4-2eb3a300bec9,I Want You Back,'NSync,G#,minor,111.910400391,0.947915792465,1260846.5,3.16669607162,1779.0703125
274,ce9d7303-7f34-4be3-a3b1-b40479a7778e,Spaceship,"Benny Benassi feat. Kelis, apl.de.ap, and Jean Baptiste",F,major,129.81111145,0.969012975693,635875.6875,2.59511852264,1461.24523926
275,cf4399bc-d85e-4bfb-9492-0b4578df6355,I Turn to You,Christina Aguilera,C#,major,127.281890869,0.661193966866,812317.0,6.12333965302,1285.8470459
276,cfdbf4ba-6f43-42c1-944f-154cb6ce4c54,"Mówię Ci, że",Tilt,E,minor,137.171539307,0.969479560852,1455251.5,2.75138378143,1302.26855469
277,cff26eca-d55b-4e07-af80-07eb70b3ecce,The Power of Love,Jennifer Rush,G#,major,92.7201843262,0.766121923923,936807.8125,4.91311693192,836.753723145
278,d27bb119-6f90-4dc3-998e-6e35cc9b5138,You Make Me Feel Brand New,Simply Red,F#,major,155.39175415,0.680314838886,613920.5625,5.09923887253,813.259643555
279,d2b30a83-1d24-4e66-a111-e09dfdf32bc8,If You’re Lookin’ For a Way Out,Odyssey,E,major,148.914230347,0.262468874454,1351007.125,5.52088594437,1162.53955078
280,d2bab0db-b63b-45b6-8f6c-5a566620c522,Mambo No. 5 (A Little Bit of...),Lou Bega,A#,major,172.265625,0.953680098057,1333979.5,3.37467598915,1796.19116211
281,d342c8fa-2f0b-4f2d-bd27-0bae63f99f2e,Passing Friend,Beach Boys,A#,major,114.029647827,0.844159543514,378850.125,4.20072650909,1268.88452148
282,d398814c-4c72-4e66-8510-93371f0e7455,Tu Vuo' Fa' L'americano,Renato Carosone,A#,minor,90.6172180176,0.939702808857,1650130.375,4.55271911621,1143.92773438
283,d3a916ff-5d1e-4f64-963e-49e6309fa853,Wherever You Will Go,Calling,D,major,112.029373169,0.945388913155,339641.875,3.17125749588,1058.7557373
284,d4e714e9-619b-4ba9-bf0a-3fc974bb7564,Getcha Back,The Beach Boys,C#,major,114.889411926,0.802700996399,279455.03125,4.49269294739,1228.87097168
285,d5345203-32ec-46ac-bf6d-4b439afdafb0,Let's Go,Matt & Kim,A,major,111.941436768,0.919942438602,937283.5625,3.30141472816,1334.77258301
286,d5703feb-a9e0-400e-8072-c7fd8b2370bc,Feel It In My Bones,Tiësto Feat. Tegan & Sara,C,major,129.949813843,0.917360723019,588393.9375,2.37295913696,1367.37438965
287,d5aed633-0fc3-4205-883c-fb1700ee843e,I'm in Love (I Wanna Do It) (vocal edit),Alex Gaudino,A,major,125.974578857,0.93157094717,1412860.875,2.35836029053,2153.44335938
288,d71b0204-4ab5-4fcc-bb3b-e2076bed24ac,In da Name of Love,Ray & Anita,G#,major,128.932327271,0.948492050171,1320877.25,2.17465806007,1955.34753418
289,d7998f3d-c5d4-436a-b144-6bf3b4391945,Sun Is Up,Inna,A#,major,128.101638794,0.958737611771,1538513.625,3.54351186752,1337.29870605
290,d8719c44-e8dc-4e69-8ee2-58dd0c7d8d28,9 Where i belong,The Beach Boys,D,major,93.9734268188,0.632346093655,1293116.0,7.19985103607,1313.7956543
291,d9d59f83-a3ed-4400-b775-ed19aa4dbf4b,A Little Less Conversation,Elvis Presley vs. Junkie XL,E,major,114.86063385,0.961468994617,468205.75,2.02514600754,1621.28039551
292,dc4f20b8-cb6e-4353-91b3-93a1c48cbcea,Dziewczyna Szamana,Justyna Steczkowska,C,major,99.0708618164,0.858328044415,1252487.375,3.61754345894,1366.01403809
293,dca0d867-2861-4b35-b309-897d8169edf7,Drunk,Ed Sheeran,G,major,99.9266204834,0.936785459518,430610.21875,2.81440520287,909.776611328
294,dcb92fe9-6732-4b14-a665-e98ae04f217c,A Night Like This,Caro Emerald,G#,major,123.008605957,0.935086190701,433668.40625,3.29515004158,928.715698242
295,dd8a0eaa-74f9-410b-93a6-9cadfdfb03ab,To nie jest moja ziemia,Buldog,C,major,130.007080078,0.913117349148,402014.6875,3.04884457588,1537.60461426
296,df227ee8-1f65-4c98-a077-a803a6cabf69,Good Bye to the Roman Candles,Edyta Bartosiewicz,A,major,85.0478973389,0.882036983967,1175220.875,3.37556314468,2046.45336914
297,e0644abd-250a-4157-a753-aded1abedceb,That Ole Devil Called Love,Alison Moyet,D#,major,66.9812927246,0.872829854488,500847.71875,3.5325729847,827.322937012
298,e093dd86-0a9e-4e23-9c19-ccdc52a7c3c6,Slodkiego Milego Zycia,Kombii,F,major,80.9597320557,0.934385955334,1068714.0,2.60688328743,1548.89208984
299,e0a84bab-e8e5-4b6f-a75f-13a06bc0ceba,Hot Girl (video edit),R.I.O.,D,minor,128.063964844,0.94934540987,1262022.375,2.0913836956,1272.59545898
300,e1a5e83e-155a-40d2-a013-608dbfaedbd6,All for You,Ace of Base,D,major,117.992927551,0.914300501347,1039263.375,3.38522052765,1741.36157227
301,e1b5688b-9437-4470-a4da-8555f0c57b81,Watching You,DJ Darkzone,F,minor,127.988044739,0.954900205135,1342778.75,2.32578372955,1385.85180664
302,e2756b89-be54-4b71-9e9e-ed86143ab533,Morning After Dark,Timbaland,G#,minor,117.822463989,0.953719139099,563809.125,3.03066062927,1575.30358887
303,e297a6a3-43a8-45bd-b109-12bf7f19ce47,Kiss on My List,Daryl Hall & John Oates,C,major,121.368835449,0.808249771595,350547.21875,4.14452266693,1632.19348145
304,e35a8be0-e5b3-4c8c-bd9b-aba3f1353eee,Otwieram wino (feat. Pezet),Sidney Polak,G#,major,99.1513061523,0.958282828331,1217054.5,2.38741111755,1362.17419434
305,e3cd25a2-c5f1-4956-9a79-87bce5ba93be,Chłopcy,Myslovitz,F,minor,102.107276917,0.897094845772,1189828.375,2.41889691353,1090.22680664
306,e4de4666-431c-4687-806d-4b89e5e63588,The Very Thought of You,Tony Bennett,A,major,163.782073975,0.265563040972,296670.15625,5.87770557404,785.615905762
307,e55bcc7c-9dab-4a8f-a1b3-4c7dfba30e19,Gdy nie ma dzieci,Kult,F,minor,112.264938354,0.928381621838,395197.75,3.23003077507,841.563415527
308,e6acdd89-f468-4be7-b7b3-8913bc5b2182,Sen,Edyta Bartosiewicz,C,major,120.383842468,0.785307526588,1466773.875,4.02300453186,1074.30200195
309,e6d894a9-8593-4b90-966a-9ce743365c3e,Only Girl (in the World),Rihanna,B,minor,126.029762268,0.6777972579,521561.75,3.03181624413,1607.95458984
310,e89a7d2b-b9e5-4853-baee-8e0aa9866e58,Na kolana,Kasia Cerekwicka,C#,minor,156.270141602,0.867127776146,696402.0,5.13059473038,1553.24243164
311,ea4faef3-2a6d-4325-ac21-b74398f228fe,Change,Taylor Swift,A#,major,95.995513916,0.962357759476,974077.0,2.43819141388,1720.57995605
312,eb8b9b6f-b1e9-4b6f-9b18-c901b597da05,Sound of Solitude,Myslovitz,F,major,98.1569900513,0.888660609722,1043525.25,3.0817220211,975.489196777
313,ec90eaf6-e265-45c0-95df-0a9c5fd71104,Lost,Lasgo,C,major,135.081161499,0.943563759327,666330.375,3.39201188087,1809.45947266
314,ed97c854-cfff-494b-be40-2df51e29d269,October & April,Rasmus,D,minor,132.022140503,0.921997487545,352107.9375,3.46495985985,889.251525879
315,ed9f9314-2e23-4050-94da-99acd5b1225d,Seek Bromance (Avicii’s vocal edit),Tim Berg,E,major,125.887382507,0.936326146126,1670277.375,2.06664156914,2042.30273438
316,edb66734-d7e4-437e-a314-70e67e72d881,This,Ed Sheeran,E,major,151.78565979,0.317698538303,629171.6875,8.97184658051,485.5418396
317,ee1bfebe-0131-4d24-9dc2-158f78fbf4a6,California Calling,Beach Boys,A,minor,138.214080811,0.935759425163,416239.4375,4.71013832092,1858.69689941
318,ef96f0f7-b26b-421e-a0e3-b9fdb45cd500,Get the Party Started,P!nk,B,major,128.973190308,0.957918465137,726169.8125,3.39778232574,2186.76953125
319,f0784256-291a-4f1a-9c96-9279eab957be,Track 19,Ayn Rand,A,major,131.81338501,0.967100203037,681577.875,2.05809044838,2053.86279297
320,f0d4abbe-c297-4cec-b119-aab9619b50b1,Dwudzieste szóste marzenie,Skaldowie,A,minor,184.570770264,0.880804240704,414286.9375,3.41826581955,888.827270508
321,f243f035-3b63-42cf-9386-cede24f2a7ed,Riverside (Let's Go),Sidney Samson feat. Wizard Sleeve,G#,minor,126.990280151,0.953542530537,1585651.625,2.64690470695,1931.44396973
322,f2c7b405-da68-4650-bc3a-cf39706c1aa1,"Do nieba, do piekła",Blue Café,D,minor,125.890464783,0.969145715237,1570481.125,2.85636925697,1882.25109863
323,f3bac840-b32d-4a4d-90e1-19c17a9f3ec6,Be My Baby,The Ronettes,A#,minor,128.783493042,0.797492265701,528855.4375,4.46006393433,958.997192383
324,f4aa9036-46aa-45bb-9cf6-066dee88f4f7,Z Cyganami w świat,Maciej Kossowski,D,minor,114.690536499,0.755286216736,655847.1875,2.2778532505,1527.52709961
325,f5d3ca77-7a6c-499d-8a9d-05479d0c6c4f,Now You See It,Pitbull & Jump Smokers,A#,major,125.01700592,0.952829360962,1436711.625,2.90262436867,1720.94140625
326,f75c9c9b-73a7-4a84-a191-3452c66796f3,Maybe I Don't Know,Beach Boys,F,major,95.9720001221,0.85286039114,414103.28125,5.58439779282,1963.46520996
327,f77a4e8f-efcb-4e83-9739-d4d44564be59,Baśka,Wilki,C,major,100.917060852,0.962062001228,1280439.375,2.36565256119,1272.16174316
328,f82f86cc-0555-444c-8d1c-617d8a187594,You May Be in Love,Blue Café,C,major,99.9623260498,0.660452246666,1104918.375,4.17360401154,1464.60961914
329,f899ae3d-f0fc-457e-90e1-1252bca6f291,"Jak się masz, kochanie",Happy End,A,minor,135.248123169,0.946380496025,622746.5625,1.99672067165,2082.45385742
330,f9089ce6-3ad4-4a26-9eb4-af5f55a8bd1d,No Scrubs,TLC,G#,minor,92.8475646973,0.901128828526,868708.4375,4.58209037781,1248.34887695
331,fc5ab260-2d76-4dac-8e04-f02a3a6b2b87,Body And Soul,C Bool Feat Isabelle,E,minor,128.144363403,0.942012429237,566922.1875,3.3329474926,1486.49462891
332,ff732b99-b94c-4e75-a8f5-84d9e23fb9e6,Revolt,The Dreams,C#,minor,166.536956787,0.9695956707,495369.34375,1.87682986259,1684.39575195
333,ff7e148a-57a4-4491-8edd-bee0bce6607f,Winna,Chylińska,D,minor,139.919555664,0.935763418674,1255741.25,3.71705579758,1467.17980957
