id,MBID,title,artist,danceability,femininity,acousticness,sadness,brightness,instrumentality
0,000eab34-1e23-4e20-a1bb-99de5f40c460,Marchin On,OneRepublic,0.559112548828,0.662348568439,0.388083130121,0.716867208481,0.426400780678,0.346209198236
1,001971cc-1d2e-476c-bb64-aa403ceb6dc2,The Riddle (radio edit),Prezioso feat. Marvin,0.992676377296,0.446583479643,0.0134076699615,0.881264269352,0.45945674181,0.994118452072
2,017830c1-d1cf-46f3-8801-aaaa0a930223,Nina,Ed Sheeran,0.964916586876,0.073019772768,0.479687452316,0.0138381700963,0.246822789311,0.046470887959
3,02707100-f346-4103-a1cd-ca8c57cdee22,Girl You Know It's True (N.Y.C. Subway remix),Milli Vanilli,0.99994134903,0.77453237772,0.0268907975405,0.352617800236,0.0990805849433,0.3356153965
4,02be0a4e-d882-4c15-870a-6095497beadd,Stars,Simply Red,0.732103586197,0.0978640168905,0.577668428421,0.465979456902,0.98413002491,0.247932195663
5,0441f3b9-aba8-445d-b939-2905f78c4016,Sexi Flexi,Natalia Kukulska,0.999268114567,0.455483675003,0.050819132477,0.461058139801,0.739667773247,0.210470452905
6,04c3022d-bb19-43cf-9b30-74c616b7f2bf,Stay,Maurice Williams and The Zodiacs,0.964797794819,0.62298977375,0.0564687922597,0.0642695277929,0.039655033499,0.984404623508
7,053e5760-d1a3-4852-b0eb-01f7599a24c5,My Love,Westlife,0.869565427303,0.0344721972942,0.0770012289286,0.765220880508,0.995427250862,0.0482213832438
8,059a2012-0bcf-4ef3-b550-69448247d1da,Fireflies,Owl City,0.982128202915,0.518925189972,0.0078780753538,0.822634339333,0.981040835381,0.189160093665
9,06baaa26-dc21-4a5e-a1fc-c795126f9892,Holding Back the Years,Simply Red,0.12459654361,0.924954771996,0.60638999939,0.256157368422,0.999987304211,0.832339644432
10,07a4f279-5499-4338-bec5-a00dca4b1037,One,Ed Sheeran,0.0748270153999,0.758409500122,0.89627379179,0.0424731485546,0.810858547688,0.0363554321229
11,089d8dfd-3a88-4a0f-b2b8-57b8fe02bfae,Your Love (Feat. Jay Sean) (Remix),Nicki Minaj,0.999969542027,0.984042584896,0.00837754830718,0.382476121187,0.0308862086385,0.164476245642
12,08f535c5-b651-4cc2-a8a8-349aa6060b16,Our Song,Taylor Swift,0.937915623188,0.982371628284,0.0638108178973,0.793062508106,0.954329192638,0.647850394249
13,09296cd5-d11a-402e-8f32-29418fb1d86b,Bloodstream,Ed Sheeran,0.36371833086,0.486794441938,0.825422525406,0.558522582054,0.706338405609,0.247692391276
14,0b108cee-ae05-4c34-8bb3-1f386ed7ae44,Teardrops on My Guitar (pop version),Taylor Swift,0.909076750278,0.996046066284,0.357729375362,0.599641859531,0.988380432129,0.332422196865
15,0bc0ebeb-ff98-4be1-a2c5-4b47893e9ffa,Forever & Always,Taylor Swift,0.999847710133,0.845395326614,0.0408816076815,0.585858285427,0.9513489604,0.336713075638
16,0be34240-e441-4bce-ab72-b64429cceef0,This Is How It Goes,Haley,3.00000096379e-14,0.631821274757,0.0703643411398,0.659533500671,0.598713755608,0.171947211027
17,0c7ba2aa-502e-4f30-8d64-73d32b833124,Siłacz,Marcin Rozynek,0.393213391304,0.916039943695,0.158218711615,0.639614284039,0.0756028145552,0.00504119880497
18,0e5f1add-c943-49a0-b824-169e7f7b82da,Girls Just Want to Have Fun,Cyndi Lauper,0.46893170476,0.989304423332,0.102223038673,0.978739261627,0.964410185814,0.489752113819
19,0eddc76c-f280-4c6e-a5ab-571030415ce4,Dwa serduszka,Urszula Dudziak,0.00538884662092,0.969512403011,0.993988335133,0.0892374590039,0.868041336536,0.128089904785
20,0f7cbdb5-b045-40ba-b0c1-5f09ca48212f,Między ciszą a ciszą,Grzegorz Turnau,3.00000096379e-14,0.622126698494,0.0955903530121,0.38669103384,0.0190106220543,0.999987602234
21,0fe37a01-fa29-4913-9d20-ee8ff02b8305,Say You Love Me,Simply Red,3.00000096379e-14,0.622126698494,0.0955903604627,0.163577824831,0.0026315767318,0.99999833107
22,113c7319-e4f8-4da6-8196-c69221da944a,Jak rzecz,Kasia Kowalska,0.513694107533,0.999255180359,0.5,0.379757106304,0.982050895691,0.065234914422
23,11732e78-463a-4a95-b867-b35a0d70cd5b,Chłopcy Radarowcy,Andrzej Rosiewicz,0.291100472212,0.00302817183547,0.350694417953,0.894870758057,0.961833059788,0.0150518706068
24,12f09a58-e376-4847-aabb-255ede6e46db,The City,Ed Sheeran,0.984459638596,0.86659270525,0.17442701757,0.139123678207,0.455157399178,0.188841864467
25,1451a50e-0eba-4bd9-8cdb-d48814564bf9,Jestem kobietą,Edyta Górniak,0.999586343765,0.86315125227,0.0137478597462,0.825489282608,0.774025976658,0.0664001405239
26,148fa0d9-683f-4d2e-beee-1de818ad8fc4,One in a Million,Ne-Yo,0.981561422348,0.532681703568,0.158744722605,0.0923928767443,0.297691464424,0.0517942607403
27,14dd25d0-73cc-444a-846f-a5848d9ab753,W Polskę idziemy,Wiesław Gołas,0.0787633061409,0.125484094024,0.990975677967,0.533668994904,0.716098427773,0.801005482674
28,1616df27-5db4-4e4d-a0e9-7add2330657d,A gdy jest już ciemno,Feel,0.993771135807,0.534743130207,0.352602273226,0.784056544304,0.994649529457,0.0553473979235
29,165bbf7a-daba-41d4-87d3-3f54c280c88e,Tylko mnie kochaj,Goya,0.945529043674,0.95283973217,0.0457176081836,0.207098037004,0.012183313258,0.327628284693
30,1673ce65-a4b4-4b16-a33f-16547bed11bd,Jedwab,Róże Europy,0.721360146999,0.0105846086517,0.0451738648117,0.449298113585,0.97931522131,0.226262956858
31,17658df0-e116-4aee-b799-4a341e9ace4b,It's You,Simply Red,0.187278196216,0.0339803993702,0.784013748169,0.104001529515,0.573534011841,0.227168247104
32,17801948-7487-4716-855d-d69d1d1c0dcd,Szklanka wody,Bajm,0.152156278491,0.861436843872,0.220214426517,0.752693235874,0.92354798317,0.151039764285
33,17eb8cd6-7bb0-4579-90af-dc38c1b3fc6a,The A Team,Ed Sheeran,0.160977527499,0.613327503204,0.952101826668,0.381836354733,0.892910778522,0.00292377639562
34,183e1666-9153-4605-8330-f0887f22e435,Do It (Original),Lazee Feat. Mohombi,0.999999880791,0.644354999065,5.80718960919e-07,0.356440812349,0.851539254189,0.618950784206
35,185c8b28-ff7b-4097-9953-ed84cac000e0,A Thing Called Love,Johnny Cash,0.389441490173,0.01250412222,0.727292537689,0.951597571373,0.992487668991,0.000887915899511
36,1893bb06-26f3-4de8-b281-eec870212fed,"You Need Me, I Don't Need You",Ed Sheeran,0.921409130096,0.0149557609111,0.049278691411,0.5,0.446281820536,0.320274561644
37,1c72a1d0-433a-4e23-9e1b-409e298cb9d7,Dynamite,Taio Cruz,0.999913692474,0.471262812614,0.0312409177423,0.728463053703,0.841690659523,0.0609361566603
38,1cd90a27-6009-4726-8141-b61409095a06,Autobiografia,Perfect,0.978704869747,0.107340574265,0.0178440082818,0.486580520868,0.0751849636436,0.00881005451083
39,1d08ef2b-7a97-4329-bc87-2d4e4ac65606,Rumadai,Arsenium,0.999732136726,0.670872986317,0.0122846122831,0.645818531513,0.509706914425,0.014953753911
40,1eb9cdc0-7175-4287-b78f-d8b0382979e9,Till I Lost,Tom Odell,0.743604123592,0.213076680899,0.361992627382,0.782636344433,0.912308752537,0.0641604214907
41,1f1ba4ba-e24d-4c0b-a5c2-f69ee9e974cd,Biały latawiec,Wawele & Jan Wojdak,0.0491304881871,0.236970171332,0.971366226673,0.445378273726,0.984675765038,0.00436017150059
42,20f265dc-26b1-4ec0-9788-85acb17d7f90,You're Not Sorry,Taylor Swift,0.474375963211,0.984066784382,0.398995280266,0.981212973595,0.896068871021,0.40519630909
43,21be61f5-b88f-4579-a227-46e9cd2155f1,You Spin Me Round (Like a Record),Dead or Alive,0.219492793083,0.052905973047,0.00271118944511,0.804827988148,0.135616287589,0.0858741626143
44,232f4982-c146-4c68-8db6-651ba9ddc441,Kiss Me,Ed Sheeran,0.925115048885,0.976170480251,0.120926499367,1.33316334541e-05,0.00154020974878,0.304845392704
45,23705c5d-bb88-4960-8f83-abec2ddf250e,So Amazing,Luther Vandross,0.427332192659,0.548851728439,0.929375350475,0.324690014124,0.661612093449,0.00118444045074
46,25dcbef9-381e-4237-8888-c58ab67b3190,Baby I Love You!,Jennifer Lopez,3.00000096379e-14,0.956473350525,0.0642016083002,0.640630364418,0.814268410206,0.843773901463
47,26290d76-ba05-4f65-acc8-6d08615f0489,The Best Day,Taylor Swift,0.299511522055,0.997293651104,0.928767502308,0.508824408054,0.913522303104,0.0527543462813
48,26805176-717a-4694-b0f3-807eeec59421,Around the World (La La La La La),ATC,3.00000096379e-14,0.622126698494,0.0955903604627,0.68115311861,0.00200477265753,0.999995291233
49,2688afdc-c279-4c9b-a0b3-60278da34710,Commander,Kelly Rowland feat. David Guetta,1.07373307401e-05,0.961982488632,1.27066696223e-05,0.323068231344,0.557380974293,0.163755178452
50,273267ba-00e2-48ee-abda-468c6f38f14f,Szarpany,Płocka Kapela Podwórkowa,0.158456146717,0.00634811911732,0.803833782673,0.713077187538,0.25414276123,0.219877958298
51,27361782-d011-4235-8f7a-9cf32b1c22ce,To Love Somebody,Nina Simone,0.264361381531,0.00678073894233,0.425432026386,0.966195523739,0.844768106937,0.00199006567709
52,27c7a306-bedd-4c8f-a9d6-39d0520b913c,I Like The Way,Eddy Wata,0.999937236309,0.0815047770739,0.0152328358963,0.00807635206729,0.133965685964,0.0748781114817
53,27efe2ec-3567-4c48-8c2c-ddf7a16962ff,10 I do love you,The Beach Boys,0.397904425859,0.107558138669,0.766898155212,0.0350020043552,0.486201643944,0.333079487085
54,282e6dc3-9953-422a-9f5a-7e3b3d43671e,Total Eclipse Of The Heart,Bonnie Tyler,0.180741265416,0.984201490879,0.472315311432,0.879694104195,0.767396330833,0.000717193644959
55,28e418ee-9fb6-49e0-9f75-03184a09083b,Lego House,Ed Sheeran,0.526303231716,0.0275686606765,0.862742900848,0.19262085855,0.383929222822,0.0012875222601
56,29b5b370-11fe-49bb-b41c-b3bb10e3ad9a,Ze mną bądź,Hubert Szymczyński,0.0904658809304,0.894678652287,0.41316139698,0.187095209956,0.441095262766,0.999990642071
57,2a1c1246-f93b-4403-918d-18c3aac324d3,Fifteen,Taylor Swift,0.835956215858,0.996816277504,0.657059311867,0.297282844782,0.990537464619,0.0373827069998
58,2afb13ed-79f7-45dd-8253-09719c6421c1,Zabawa podmiejska,Piotr Szczepanik,0.840167105198,0.659850478172,0.710439622402,0.963367879391,0.360133290291,0.000189611469978
59,2b9133d3-ff11-4ca9-8a62-d63711ab5c2a,W moim ogrodzie,DAAB,0.367302417755,0.0771136954427,0.757207810879,0.850085020065,0.922578752041,0.221067130566
60,2c01d970-b4de-420f-8cbd-86712ce766e0,Mallorca (radio edit),Loft,0.995815396309,0.885029196739,0.0359415076673,0.745273172855,0.992897987366,0.740473031998
61,2c05aae6-6a9d-46d3-8793-8876affc083e,Amazed,Lonestar,0.551173627377,0.0311120878905,0.19137199223,0.401726126671,0.95135062933,0.118933402002
62,2c805ab0-6796-4269-b96f-8265f4a2fb8f,Afire Love,Ed Sheeran,0.31552785635,0.641161561012,0.544094800949,0.133790269494,0.981862127781,0.264606505632
63,2e1e6826-4907-4e62-85c8-cc2f55d7e98a,I'm So Lonely,Beach Boys,0.564293086529,0.016096200794,0.529129683971,0.854266881943,0.976171791553,0.076812312007
64,2ea08679-c0f0-44d4-b151-114c9e2931da,Supposed To Be,Tom Odell,0.228330850601,0.167490035295,0.854350149632,0.305500894785,0.536614775658,0.240549623966
65,2ec68f9f-e687-47ed-b867-e9b575f482d6,Tenerife Sea,Ed Sheeran,0.123145088553,0.368973642588,0.945081532001,0.388468414545,0.732741057873,0.0248542800546
66,2ff23479-0275-4aef-9dfc-e818d8fdc6c0,Lipstick on the Glass,Maanam,0.0588292293251,0.438766270876,0.27713394165,0.564351916313,0.0166054219007,0.00310091022402
67,3005cf22-a851-484b-8c4c-1ccdaac8bd7b,Zanim zrozumiesz,Varius Manx,0.0155354142189,0.991214096546,0.63501906395,0.238151490688,0.999993860722,0.0174580216408
68,31470ef2-97bb-441c-a020-59d2f2da795e,Bumpy Ride,Mohombi,0.999814391136,0.907158315182,0.0518644303083,0.743087291718,0.861440718174,0.0415260158479
69,317375d5-149a-43f3-9037-db6caac1e96a,Should've Said No,Taylor Swift,0.969019591808,0.984282433987,0.00707280403003,0.392260193825,0.849454164505,0.768374860287
70,31cad3ff-25ad-4377-b1ba-9c2811a09ad9,Matador (radio mix),Ritmo Ritmo,0.999737501144,0.00939691718668,0.278692573309,0.92152941227,0.879768788815,0.101122431457
71,32684f7a-ee97-4614-ac16-feb916a5537d,If You Love Me,Brownstone,0.979878306389,0.97418898344,0.179526999593,0.398217141628,0.40708091855,0.0260249003768
72,32b9e24a-e506-4447-b12b-c73d6d1eb9bc,Tokyo,Danny,0.999811887741,0.461739182472,0.0250622853637,0.283812105656,0.652387499809,0.682534217834
73,32fa4098-9918-451a-9c0a-7e649bfbbd17,dotknięte - sprzedane,Andrzej Piaseczny,3.00000096379e-14,0.622630774975,0.00353161338717,0.92741638422,0.674664676189,0.011008599773
74,3449cf0b-bdbf-4320-b357-fcc55582be8b,See the Day,Dee C. Lee,0.5453748703,0.999845981598,0.867821514606,0.641220629215,0.93520706892,0.0522153750062
75,349b506b-7c3d-4405-9513-abd1478d24e0,Konik na biegunach,Zespół Dziecięcy Hippo,0.398766547441,0.941513419151,0.399563670158,0.750219404697,0.768761813641,0.0290676932782
76,354fe8f1-bffc-40d8-913e-47416723aea9,Gonna Make You Sweat (Everybody Dance Now),C+C Music Factory,0.998842895031,0.951420724392,0.00626874389127,0.719981312752,0.189884990454,0.0135701661929
77,35c7a1cc-aa58-4377-9ec7-fbddd3732b2c,Take Over Control (Feat. Eva Simons),Afrojack,0.976480364799,0.974178195,0.116034924984,0.966682732105,0.228658020496,0.206398174167
78,37ee3fa8-e36e-4139-b739-4f5ac4359dcd,I Won't Hold You Back,Toto,3.00000096379e-14,0.547585964203,0.091510117054,0.527038574219,0.904463946819,0.610631048679
79,38eaeb2c-f4e4-4d10-8a22-0accef1f642b,Male Ego,Beach Boys,0.671265184879,0.329064577818,0.153238609433,0.752592802048,0.779007792473,0.0181965492666
80,393dcc99-e47e-4d9b-b3ee-3e70ebd409d1,Magic Moments,Perry Como,0.0778326243162,0.543574929237,0.972956120968,0.368106305599,0.682635307312,0.00831483025104
81,39d2ddb2-77aa-4c14-b407-409b793be7b3,Oczy czarne,Michaj Burano,0.404965698719,0.340913206339,0.580872237682,0.985621154308,0.920354783535,0.169617548585
82,3af4a34e-19a6-4a8b-8437-3aa888c9a351,Znak Pokoju,Virgin,0.151391267776,0.997344255447,0.119475379586,0.820290982723,0.957758665085,0.0669033303857
83,3b15aaf8-7153-47e4-a373-998f5d57b672,He Was Born to Be a Taxi Driver,T.Love,0.026986554265,0.138665750623,0.00427818950266,0.898853063583,0.166786491871,0.0560944974422
84,3d0618a0-b83c-475e-9e7c-ec2b679b4be8,9PM Reloaded (edit),ATB,0.999960362911,0.805789887905,1.79610760824e-05,0.593285441399,0.491938859224,0.984782397747
85,3d1a06c9-dabb-4e70-bcff-2a51f2f96d89,I Know,Tom Odell,0.94294500351,0.0996577292681,0.376523554325,0.794012725353,0.849335610867,0.382955014706
86,3fbd7a53-b176-4ef2-ab7b-3c49a9ef8946,Who Wants to Be Alone,Tiësto feat. Nelly Furtado,0.999999880791,0.681981086731,4.63180867882e-06,0.234225437045,0.860767006874,0.89903897047
87,4092ac8e-795c-4a68-a8f5-b22212c0c8d3,"You're My Heart, You're My Soul (New Version)",Modern Talking,0.997407257557,0.984483540058,0.0045281983912,0.251658111811,0.96904706955,0.00375938881189
88,4097a3ea-44a6-49e0-8d3f-fb919b3ff3c7,If You Don't Know Me by Now,Simply Red,0.14757078886,0.202026605606,0.5,0.215269893408,0.681806147099,0.0343573130667
89,41774ff5-b993-4105-b857-a87791f0340d,Nothing but Love,Axwell feat. Errol Reid,0.999997019768,0.691023409367,3.3715746639e-08,9.47758599068e-06,0.111115440726,0.00147592124995
90,42f41c87-8b85-4672-a5da-e19ce2013063,Where Do You Go (Radio Mercy),No Mercy,0.951946377754,0.897268116474,0.132342532277,0.87405192852,0.938406586647,0.31075039506
91,43dfce1a-1dcc-4dd9-9df4-27db4bdc9c79,For Your Babies,Simply Red,0.295004814863,0.284263461828,0.856784641743,0.249819606543,0.959380030632,0.0604425258934
92,43e6f44b-7279-48bb-ac4e-c02075f218ae,Bad Romance,Lady Gaga,0.999006032944,0.422638118267,0.0159160420299,0.481622368097,0.101014249027,0.0391737669706
93,455694ad-56b7-4311-81df-a585f1d368e3,I Wonder Why,Curtis Stigers,0.994106948376,0.0461166985333,0.56887358427,0.710155069828,0.945942461491,0.176492020488
94,4575211d-1f67-49ea-ad5d-86d90e3c4851,You've Got It,Simply Red,3.00000096379e-14,0.708929121494,0.0276231169701,0.299327999353,0.821431159973,0.17654466629
95,468bb085-0c20-44b3-8ca6-66c65cd688f0,I’m a Mess,Ed Sheeran,0.652988374233,0.710557818413,0.642409980297,0.0649747252464,0.960422158241,0.0505768172443
96,4797bf50-8ae5-4a28-89e6-9e860942a94b,U cioci na imieninach,Szwagierkolaska,0.921783566475,0.168705284595,0.0079595874995,0.832082271576,0.844839930534,0.00381765328348
97,4943798e-dffd-4238-864d-d33a13c7fa07,Can't Pretend,Tom Odell,0.655619382858,0.172837331891,0.528030574322,0.0352143608034,0.142866298556,0.429422676563
98,4a607ce9-031b-4fa8-9793-32f9a71a8ae7,Bleeding Love,Leona Lewis,3.00000096379e-14,0.622126698494,0.0955903604627,0.511352717876,0.0101344250143,0.996782958508
99,4c9b98c8-e039-48a4-92c7-0806d450e361,Smile,Simply Red,0.226578116417,0.378459364176,0.801884889603,0.0182524956763,0.99328148365,0.0301359146833
100,4cfcc676-842a-42ec-959b-b8605155331f,Stereo Love,Edward Maya Feat. Vika Jigulina,0.989736139774,0.999848663807,0.153104349971,0.284515798092,0.535407245159,0.778744459152
101,4d3931c7-ed6c-4e0f-8707-6795fcd2bae9,Kiedy powiem sobie dość,o.n.a.,0.883066594601,0.969617366791,0.0687509551644,0.729468464851,0.10810276866,0.0187026057392
102,4d3bd093-47ff-4887-a256-42e21c610049,If I Could Turn Back the Hands of Time,R. Kelly,0.0315810889006,0.464406520128,0.982796132565,0.23085989058,0.54491853714,0.00651971949264
103,4db950a6-b6a9-464b-b136-9146f4ac964f,Beside You,Simply Red,0.0916008278728,0.0383226796985,0.977719902992,0.619656324387,0.99427741766,0.04692832008
104,4e107b9f-5b4c-49d0-b64f-f6c6f249d8ab,I Was Drunk,Riva Starr feat. Nôze,0.999527871609,0.530351221561,0.00479245884344,0.668704390526,0.417158454657,0.136629030108
105,4ee00f62-b61c-4236-98b7-b511b5ae31a7,Sing,Ed Sheeran,0.635577738285,0.0914656296372,0.282024353743,0.0470781810582,0.904388129711,0.383501678705
106,4faee12e-6370-459f-97a2-8d7bf118ccb8,Nice & Slow,Usher,0.741870582104,0.735757887363,0.712725579739,0.181600794196,0.916099965572,0.00690593477339
107,4fe6c103-a818-43bc-9d81-dd110460a5b2,Spadam,Coma,0.733693301678,0.555872857571,0.247610226274,0.606554687023,0.302366793156,0.527613162994
108,4ff699c2-eeef-455e-a785-fea66a38cbfa,Me and Mrs. Jones,Billy Paul,3.00000096379e-14,0.622126698494,0.0955903604627,0.122188933194,0.107869014144,0.982011079788
109,501ec3c6-ea42-43ad-afce-781e17a015c1,Skóra,Aya RL,0.664473414421,0.386533647776,0.693546354771,0.966262161732,0.994620025158,0.00504837650806
110,50ab3485-3f2b-435d-a57c-35c7556c0576,Sense,Tom Odell,0.00872274767607,0.561720609665,0.951066195965,0.0854922384024,0.709586024284,0.00678428960964
111,526776fb-9896-4559-abce-54504d4a267b,Born to Make You Happy,Britney Spears,0.658509135246,0.997942149639,0.0913523584604,0.160530164838,0.0213452465832,0.205736130476
112,526f5303-dc68-4ac0-9587-b3cd33a5c5b6,Love Story,Taylor Swift,0.680140912533,0.989031910896,0.125743702054,0.537586271763,0.996743500233,0.893810451031
113,54372710-58e2-4924-991f-c7c6c14061d9,Scream,Kelis,0.998500406742,0.973348379135,0.0319317728281,0.584623992443,0.706388533115,0.417099833488
114,5551cb87-aa3d-4a93-bcdb-eafce4f6edeb,Girl i'm trying,J Brazil,0.999997854233,0.538726627827,2.08077359787e-08,0.557766497135,0.00602295203134,0.197707369924
115,5666fe48-f9cc-470c-8f32-b5d7954e1c1c,Don't Say a Word,Sharam,0.999966144562,0.823700904846,0.125106245279,0.387819677591,0.740942537785,0.0936403945088
116,56856396-51ec-4e14-903a-3ef478bac052,Perfect Day,Lou Reed,3.00000096379e-14,0.622126698494,0.0955903604627,0.483146488667,0.181205287576,0.999991714954
117,56e19114-f7a8-45a6-b938-3f5503b381b0,I wszystko się może zdarzyć,Anita Lipnicka,0.738005578518,0.994155883789,0.742417216301,0.860550820827,0.999999344349,0.0152144134045
118,57a2b620-ba3a-4930-9c04-d46efa2d779c,As Long as You Love Me,Backstreet Boys,3.00000096379e-14,0.622126698494,0.0953928977251,0.402213662863,0.0059018554166,0.993647754192
119,58781807-35d9-4082-abb0-ab03e6ff7c92,Tell It to My Heart,Taylor Dayne,0.999979913235,0.736598730087,0.00262093660422,0.604918897152,0.734786272049,0.350266993046
120,595562f2-77b8-4c3f-af8b-7e8a221d51e0,Acapulco,Ricchi e poveri,0.281765908003,0.692111253738,0.561880886555,0.64321577549,0.956432938576,0.0481168329716
121,5b20a7d0-adce-461b-852b-1e622bb25b2a,Time After Time,Cyndi Lauper,0.279265254736,0.976431310177,0.905869960785,0.597329139709,0.999999463558,0.558835148811
122,5de61c6c-664f-476b-abc6-0df24814f042,Kocham Cię jak Irlandię,Kobranocka,0.607321321964,0.139097824693,0.330977380276,0.531591653824,0.310557037592,0.0470183864236
123,5fff9833-36cd-4ca2-8277-99b58da3ae5b,The Final Countdown,Europe,0.959551692009,0.475876361132,0.01274771709,0.763200104237,0.287542104721,0.102026991546
124,60b13097-f5e5-4ee8-8933-7dc0f3e6bf92,Somebody to Love,Justin Bieber,0.999984562397,0.867689907551,0.022425621748,0.638187110424,0.997239470482,0.0954758003354
125,615cdddf-2527-485d-b166-e53ef1114b0f,Lovesong,JES,0.995910644531,0.513089358807,3.06722949972e-06,0.291592597961,0.887966573238,0.229298695922
126,62ab42ea-ed35-4643-8542-b96d5b43d9d5,La-La Means I Love You,The Delfonics,0.897158801556,0.47525113821,0.306290209293,0.0448909588158,0.0590368174016,0.965244174004
127,63ff9596-1f96-4ca1-9c2c-c58145ebd475,"Maciek, ja tylko żartowałem",Kazik,0.589424788952,5.13847953698e-06,0.352989047766,0.398587286472,0.86566388607,0.000261553796008
128,640433d2-d3f5-4059-ac87-2feeaa351498,Czerwone korale,BRAThANKI,0.361697256565,0.965097486973,0.37076818943,0.577197551727,0.990121603012,0.85899066925
129,6439ff47-6d11-4d3b-a7f8-18628ccfbbcb,Fallen Angel (edit),Elbow,0.999873459339,0.995959579945,8.76894262092e-07,0.209467500448,0.669205725193,0.119501575828
130,64f83227-6a8e-4f10-99b8-d39fab286807,Russian Roulette,Rihanna,3.00000096379e-14,0.622126698494,0.0955903604627,0.0133581310511,0.0334539487958,0.999993145466
131,654091bd-32e0-4631-9f18-167be1788a6e,You and Me Song,The Wannadies,0.999999880791,0.622126698494,0.0955903604627,0.994177639484,0.59912610054,0.147998481989
132,6616acde-aadf-4bbc-b1ca-8c61bd5096c8,If I Ain't Got You,Alicia Keys,0.189446121454,0.999456822872,0.743339061737,0.0831856355071,0.980577766895,0.261395037174
133,6715d55f-2bd8-4bbf-be45-b5bff4d41624,Im więcej ciebie tym mniej,Natalia Kukulska,0.437634319067,0.99979442358,0.795027136803,0.214566215873,0.989595890045,0.140022590756
134,677683ae-9928-49f3-9541-ad717fd16ed6,5 She believes in love again,The Beach Boys,0.159072726965,0.111346915364,0.239802896976,0.978917956352,0.338464677334,0.00175645656418
135,68538f2a-9f40-4ef0-9a92-7f6cf36bf3ce,Love Song,Sara Bareilles,0.876647472382,0.96278232336,0.0501366220415,0.798651278019,0.986365437508,0.0323809012771
136,6b757e6a-c99b-44ca-8825-29a27a54703e,Spacer dziką plażą,Stan Borys,0.0185479521751,0.82993966341,0.0576662868261,0.887078464031,0.71446543932,0.00701059494168
137,6beb1698-5aa3-42b6-9ace-83936f86d128,Find My Love,Fairground Attraction,0.728176593781,0.999438524246,0.96670371294,0.633403658867,0.93510222435,0.0317992009223
138,6c04bc3a-1cd5-4653-92af-1bb2a554f8ec,Without You,Harry Nilsson,0.0685450509191,0.81844496727,0.625440597534,0.63846051693,0.895519852638,0.00699419947341
139,6c830273-59df-4ee3-99ed-a92b55c6a039,Siedemnaście milionów,Toni Keczer & Czerwono-Czarni,0.276611864567,0.0221279691905,0.936980843544,0.441566467285,0.752527475357,0.00181332416832
140,6d05784c-4090-4a14-97c2-d06861685833,About A Girl,Sugababes,0.999705672264,0.986607015133,0.00991388224065,0.219321459532,0.920981109142,0.0133006712422
141,6e8485b3-e710-4be9-a823-5b0ee7dcb0ba,Lato,Formacja Nieżywych Schabuff,0.904734671116,0.724739730358,0.189530983567,0.83273255825,0.767501950264,0.379732102156
142,6ee5cb2d-19f5-40c0-99fe-05bc76f57527,Innocent,Groove Coverage,0.999999880791,0.668918371201,2.34165603574e-10,0.622793376446,0.406409502029,0.0399153269827
143,6f3b538c-9a7d-4b3a-b31f-1b1dfcd24d43,Hey Ya!,OutKast,0.760882019997,0.414472818375,0.241871878505,0.372982531786,0.462988615036,0.55553239584
144,70ecebf2-6dc0-4cc8-8f6c-52f7de1fdeb0,You Belong With Me,Taylor Swift,0.816449999809,0.982511103153,0.157669693232,0.960222244263,0.894422054291,0.284684300423
145,7210c300-bbf0-45d9-912d-71dc27364852,Runaway,Ed Sheeran,3.00000096379e-14,0.544849932194,0.0118429521099,0.259772658348,0.895291924477,0.941050708294
146,72d065a3-edc9-4d0f-a846-ec9edab7e044,Frontline (Cahill radio edit),Shaun Baker,0.9995200634,0.992306649685,0.00259910500608,0.67961448431,0.757060706615,0.132948830724
147,74b539b7-2538-499e-ae48-e030d2d2ca71,Crack at Your Love,Beach Boys,0.843760192394,0.0227719582617,0.368281304836,0.90051984787,0.969416320324,0.00218347110786
148,74db4b0f-55a6-4790-af26-94aea5992b99,Touch a New Day,Lena,0.474635183811,0.849495112896,0.746864497662,0.0951606482267,0.979596436024,0.0127164833248
149,783346fd-72b1-4e7d-a0c1-6dc7ce34a55c,Ewakuacja,Ewa Farna,0.93405008316,0.512888073921,0.0290502905846,0.661585986614,0.170923605561,0.00213890057057
150,78c2a211-1c63-48f1-ad20-28b70eb98491,Down Under,Men at Work,0.817027926445,0.0176198203117,0.258026599884,0.772468745708,0.999999582767,0.00390139897354
151,79642514-f746-4098-953b-fe609ba8570b,Sirens,Tom Odell,0.568373024464,0.0394435822964,0.721269845963,0.899263322353,0.999993801117,0.0250670313835
152,7985ec73-e64e-43d3-8c3d-f756e9253896,Mr Vain,Culture Beat,0.999942302704,0.986262023449,3.87140244129e-06,0.677739858627,0.817728042603,0.0482600182295
153,7a679f1c-3af4-4ecf-a68e-a6fd684d47c1,I'm Outta Love,Anastacia,0.822338342667,0.975449800491,0.131217136979,0.243173137307,0.944527924061,0.62980568409
154,7a75fa8e-e163-40c7-98ee-c0760bc9000e,Son of the Blue Sky,Wilki,0.20950691402,0.0634526759386,0.0623548030853,0.564705729485,0.59923106432,0.256369680166
155,7abb6b92-4c67-43ce-b782-cd9bedb356bd,Can’t Stay Away From You,Gloria Estefan and Miami Sound Machine,0.752645015717,0.966532289982,0.39110019803,0.692106366158,0.8419008255,0.742317318916
156,7c8e08c1-cc74-4129-b685-c7ba2bb78a4d,Hello,Martin Solveig,0.987667858601,0.228448554873,0.00873117148876,0.335860311985,0.352532744408,0.00266499607824
157,7ca1b54c-2995-4ece-8e58-54376095966b,Chica Bomb,Dan Balan,0.98934918642,0.258640229702,0.00309953442775,0.324938952923,0.0809241756797,0.121567294002
158,7dcbc1be-4257-4d64-b915-045dfb23ae88,Photograph,Ed Sheeran,0.111404828727,0.827890336514,0.834713160992,0.372260540724,0.129221230745,0.0589792616665
159,7ec76953-ec7d-4c69-9cb6-a12c3c23cf90,Sunny,Boney M.,3.00000096379e-14,0.622126698494,0.0955903604627,0.188074842095,0.0221764761955,1.0
160,7ec91180-0ed9-4fb9-a612-d82d919248f0,Fever,Bette Midler,0.758578896523,0.875407397747,0.588069319725,0.306026995182,0.687107086182,0.0153710050508
161,80033c72-aa19-4ba8-9227-afb075fec46e,Wake Me Up Before You Go-Go,Wham!,0.410923093557,0.984864652157,0.0750070512295,0.443531602621,0.999999940395,0.00477520702407
162,8180501c-1ca9-41ed-bbe8-6b7dd735e717,"Jezu, jak się cieszę",Klaus Mitffoch,0.471205770969,0.0246250983328,0.0438482649624,0.656075119972,0.11267746985,0.364630043507
163,820dd164-f058-498b-9761-19767fecc220,When a Man Loves a Woman,Michael Bolton,3.00000096379e-14,0.622126698494,0.0920752361417,0.409680336714,0.383408904076,0.996089100838
164,827992de-69c5-4f34-8dae-6a34c3183f63,Ready to Go,Republica,0.995033502579,0.84161812067,0.00286608468741,0.512325108051,0.901854872704,0.52258515358
165,82ccbe89-1e40-415c-b30f-4faf178ae86f,Fever,Cascada,0.999999880791,0.622128427029,5.12971325861e-07,0.337478607893,0.927803039551,0.882475614548
166,83fbadf2-bced-4ccd-939a-5e1ac1eb505a,Kiedyś cię znajdę,Reni Jusis,0.938117086887,0.952013015747,0.243975400925,0.268179178238,0.343899339437,0.922780692577
167,84ace94b-c3c9-4d65-a5e6-e13efd30084f,Another Love,Tom Odell,0.388267219067,0.668523073196,0.548075139523,0.241884320974,0.919868052006,0.426208078861
168,84eade34-0ba0-4b87-81bb-eda111290ee5,Shy Guy,Diana King,0.956262588501,0.969016909599,0.0392202660441,0.597515523434,0.573870122433,0.00449212454259
169,8746a53a-90bb-47d6-aa1a-afb06ed86edf,If You Don't Know Me by Now,Harold Melvin & The Blue Notes,0.0776226446033,0.394764572382,0.235824078321,0.736653089523,0.959600865841,0.011126473546
170,882a8c40-b184-446d-8510-88460a6a6f11,Fearless,Taylor Swift,0.913672983646,0.979264497757,0.149187728763,0.843415498734,0.994758427143,0.392277956009
171,88ba39ea-e81f-40e5-8233-284c88184149,Funny Little World,Alexander Rybak,0.229093044996,0.685805141926,0.86704236269,0.834175229073,0.971650183201,0.0661681070924
172,89654305-9ea1-40ea-99b0-5d10cf3ab490,Monday Morning,Melanie Fiona,0.993650138378,0.998557925224,0.0262011084706,0.974678754807,0.942421853542,0.833822786808
173,8bf676b5-b1cb-401d-8aa1-2b10e830432a,"Prócz Ciebie, Nic (feat. Kayah)",Krzysztof Kiljański,0.143895879388,0.931162297726,0.859109520912,0.0954888612032,0.147434905171,0.249646753073
174,8cb8002b-b613-4bea-9750-73ca32d96592,Stay With You,John Legend,0.931504249573,0.391310632229,0.677776992321,0.331634551287,0.79161298275,0.021610815078
175,8f04a264-df02-4856-95aa-830821353a1e,Snus (Radio Edit),Avicii & Sebastien Drums,3.00000096379e-14,0.832573056221,0.0130855999887,0.024245634675,0.118536815047,1.0
176,8f0bef07-1ae9-41b3-939d-caf0bca2ce5a,It's Gettin' Late,Beach Boys,0.5321854949,0.337421387434,0.153980746865,0.593644976616,0.834631085396,0.0281075052917
177,8f3471b5-7e6a-48da-86a9-c1c07a0f47ae,Never Gonna Give You Up,Rick Astley,0.97445422411,0.603990375996,0.0096505060792,0.911655008793,0.983929097652,0.0594481527805
178,8fc4e071-f70b-4ae5-a50d-e7b94de7e381,10.Statki na Niebie,De Mono,0.318877071142,0.0746319442987,0.914270460606,0.29754191637,0.986952841282,0.669525921345
179,900c26eb-e3a4-481d-9c3b-dd8963a7c185,I Wanna Dance With Somebody (Who Loves Me),Whitney Houston,0.975016236305,0.999694883823,0.0299768503755,0.986057400703,0.946700811386,0.02035083808
180,9037fd5b-e74f-49c9-90aa-9c8d08ee160a,Don’t,Ed Sheeran,0.999655663967,0.49491751194,0.0223266687244,0.316886901855,0.542279064655,0.157516688108
181,904d88cd-b119-4a0b-b3da-2bef6e2972f9,Wake Me Up,Ed Sheeran,0.0145737752318,0.360861897469,0.994131803513,0.0655145794153,0.961454451084,0.0012521748431
182,906b73e1-5680-4a27-bde6-ace03fe52b3e,Meet Me Halfway,The Dooleys,0.952177703381,0.985364258289,0.133337423205,0.0588160641491,0.533848643303,0.0590748041868
183,910f25a1-6700-40b0-80cd-c1cecf52db6c,Całuj mnie,Piersi,0.477971822023,0.00443361187354,0.0395206548274,0.85588157177,0.129561409354,0.0099116479978
184,9197b41b-989c-4aaf-ad67-f88054363347,Push Push,Kat DeLuna feat. Akon,0.999918997288,0.988284766674,0.0470956973732,0.595961332321,0.135341361165,0.202166095376
185,92f2ba50-8045-4fa9-a4a4-2235d8fca21e,I Will Always Love You,Dolly Parton,0.0191847532988,0.977063477039,0.998141467571,0.378613859415,0.993784487247,0.0839332938194
186,9735bdfc-0b5b-4063-84da-1a0f656e59ee,Shake You Down,Gregory Abbott,0.942191779613,0.941090166569,0.0609291084111,0.843759059906,0.892014324665,0.00503000849858
187,981286a7-80c1-4b93-a4d7-58fe77d9f6dc,Love is forever,Billy ocean,0.629596233368,0.357167303562,0.755524396896,0.141404390335,0.481132477522,0.00367626361549
188,984298e6-0cfc-4e98-9465-face3a5002bf,One Time,Justin Bieber,0.999923944473,0.742703378201,0.00516794342548,0.859129071236,0.551767408848,0.937143325806
189,987d19ec-f526-4c88-b61c-fdd549a31519,Un-Break My Heart,Toni Braxton,0.849592983723,0.995510935783,0.647804439068,0.301933467388,0.861816287041,0.0203887708485
190,99382fab-f85e-481e-b174-a4a6c8e2742d,Grow Old With Me,Tom Odell,0.0979319959879,0.63879686594,0.943791866302,0.442740023136,0.999988675117,0.0910047963262
191,99b7e978-e259-4aa5-8f4b-00b043da4d54,(Take a Little) Piece of My Heart,Erma Franklin,0.712640702724,0.677082180977,0.210862725973,0.709748089314,0.923137426376,0.670410037041
192,99ee947a-1c42-42a6-ac68-066a18a25a90,I Live for You,Marvin Gaye,0.829923927784,0.138577669859,0.752695202827,0.276243686676,0.993314802647,0.223534971476
193,9aa77fa3-1a7d-4ff9-a5ce-8c3dc072fa52,...Baby One More Time,Britney Spears,0.900669693947,0.997992217541,0.0430197566748,0.538202464581,0.624792456627,0.254385381937
194,9b37f181-9f71-4852-8f79-3862e49bc2da,I’m in the House,Steve Aoki feat. Zuper Blahq,0.999970257282,0.397406846285,0.0121749592945,0.529003024101,0.94894695282,0.00168997829314
195,9bd8a0ed-8969-41e4-b964-165f44e7dfd6,Amazing,Inna,3.00000096379e-14,0.869999170303,0.0198249109089,0.694516062737,0.137409329414,0.833565473557
196,9d1e1dd0-19de-4f31-a26c-a4ff7787446e,Keep on Loving You,REO Speedwagon,3.00000096379e-14,0.622126698494,0.0955903604627,0.361682921648,0.0273646749556,0.979061424732
197,9db7da73-c58c-4428-b5bf-8d9cf3129a7d,Kiedy byłem małym chłopcem,Breakout,0.0398771464825,0.92741382122,0.931088268757,0.0872960984707,0.873330235481,0.441876113415
198,9eaef3cb-8b87-494d-8e80-3f43c550b480,Macarena (Bayside Boys mix),Los del Río,0.837678074837,0.0152451926842,0.318930745125,0.433907479048,0.972171008587,0.625301063061
199,9f0682aa-7525-4e8c-9208-654e036a1b6e,Greatest Love of All,Whitney Houston,3.00000096379e-14,0.622126698494,0.0955903604627,0.0153349833563,0.007164074108,0.989158332348
200,9feb5734-ca5b-4894-88cb-df1474e6b73d,Por ti sere (You Raise Me Up),Il Divo,0.111671425402,0.356035560369,0.440077096224,0.19106914103,0.0129860276356,0.00425741448998
201,a12d87bf-a128-4684-85cb-722114dce671,Misty,Johnny Mathis,0.0593152344227,0.809031248093,0.95287668705,0.262987971306,0.0390358604491,0.0136083504185
202,a1471177-4d82-4e56-a505-aa45951f0921,Smells Like Teen Spirit,Goya,0.181927993894,0.893864274025,0.71200376749,0.263710141182,0.451624244452,0.295786529779
203,a18fe8f0-00db-4acd-9003-467bf3c5c23a,Boy Like You,Charlee,0.999249577522,0.765448749065,0.0275486391038,0.488160550594,0.871801018715,0.054590601474
204,a1cfab7e-9d8d-43b1-87e1-05152ed9aa9a,How ’bout Us,Champaign,0.318088889122,0.566222429276,0.350997030735,0.852435290813,0.883652806282,0.00769574800506
205,a2180d36-33eb-4581-a1a9-b65cd4f83a69,All By Myself,Eric Carmen,0.22120642662,0.0551922097802,0.169761568308,0.572291374207,0.733140051365,0.0426784455776
206,a3824537-8305-4b34-8897-9b7f46a1569e,Wlosy,Elektryczne Gitary,0.904874920845,0.00291511369869,0.205725580454,0.448269665241,0.458370447159,0.29346960783
207,a498f2e4-eacb-4ea9-abd0-feee5d6c7e34,Zaopiekuj się mną,Rezerwat,0.377453535795,0.92402869463,0.160852357745,0.133451968431,0.229608729482,0.24707005918
208,a522ca12-4aef-406f-a079-442486c57b82,La la laj,Ewa Farna,0.5315310359,0.995307743549,0.760603368282,0.734379172325,0.996515750885,0.138339996338
209,a6920b19-2b81-49aa-a401-698e14ea66f7,Shine,Deal,0.999999880791,0.66978341341,5.25414066033e-07,0.888803839684,0.314023137093,0.171172320843
210,a70a3b56-3b3e-4b4d-80aa-185eb980e5ae,Boskie Buenos,Maanam,0.0551521033049,0.732409775257,0.0186170935631,0.772845685482,0.855339765549,0.0400993302464
211,aaa145c7-e68c-4cdd-b500-2ea85d0ba1b1,Supermenka,Kayah,0.993031620979,0.977474093437,0.0385481193662,0.805416941643,0.997449576855,0.489187240601
212,aabca64f-b2a7-4bfa-ad0b-76c62913df67,Can't Help Falling in Love,Elvis Presley,3.00000096379e-14,0.622126698494,0.0957801789045,0.70437848568,0.000976254814304,0.999999165535
213,ab89565e-c9f6-4f23-b40d-cdc6f0625104,Nikt nikogo (i tak warto żyć),"Raz, Dwa, Trzy",3.00000096379e-14,0.622126698494,0.0955903604627,0.205794364214,0.00369176780805,0.996683299541
214,abe26875-6d79-40af-b26d-61093b7cad70,Give Me Love / The Parting Glass,Ed Sheeran,0.0120034813881,0.105376265943,0.75104612112,0.734240710735,0.535352528095,0.00235400046222
215,ad0748e1-f32e-415b-a37e-58382672cd8b,All That Is Thirst,Pati Yang,0.0257786400616,0.682587385178,0.338871866465,0.734655737877,0.0871298536658,0.554089784622
216,afdde182-88f5-4fe3-aec1-ddddc4e8ae11,Someone Should Tell You,Lemar,0.748141765594,0.731736898422,0.682762622833,0.0521351620555,0.979378163815,0.0206461958587
217,aff2eea7-3ab5-4f7e-81ea-83d441ec8158,Can't Take My Eyes Off You,Andy Williams,0.112109713256,0.291613966227,0.574641287327,0.315585166216,0.483651429415,0.000561776279937
218,b00ee520-3800-4e19-a8ac-40f7ca153529,Your Love Is King,Sade,0.781453847885,0.992399454117,0.462209105492,0.596897184849,0.999990403652,0.143310010433
219,b0823664-01fd-4cdd-99f0-362059a4aeae,It's Just a Matter of Time,Beach Boys,0.164834067225,0.312817752361,0.952524840832,0.384289443493,0.994624376297,0.00727249775082
220,b0df528e-e1e3-450f-8a52-32dd5f085c2b,When You Come Back to Me,Edyta Górniak,0.0458480753005,0.999924182892,0.953368067741,0.107330329716,0.172596946359,0.598117470741
221,b0e451f4-efc9-473d-a4dc-43bb3be9839c,(I’ve Had) The Time of My Life,Bill Medley & Jennifer Warnes,0.861438989639,0.464926868677,0.0393654592335,0.763200223446,0.985528409481,0.244847267866
222,b1285142-2a99-4321-84be-b78033c31361,Bones of Love,Anita Lipnicka & John Porter,0.919434726238,0.42693772912,0.670165717602,0.433810561895,0.615995824337,0.0261935517192
223,b1a0b6cf-099b-4d85-8de9-9b7b84828e5b,Dziewczyny lubią brąz,Ryszard Rynkowski,0.976468086243,0.0375442430377,0.0141153084114,0.851307451725,0.254092484713,0.327565550804
224,b2ca7aff-f26d-4648-b154-db04ec4e62cd,Annie's Song,John Denver,0.10833452642,0.122380554676,0.994430780411,0.787743151188,0.999999821186,0.245649456978
225,b3863134-0129-4b46-89b4-cb39a99f7f54,Tell Me Why,Taylor Swift,0.456125408411,0.98784327507,0.12296256423,0.831731975079,0.999988615513,0.568802833557
226,b4acd7eb-b764-4d58-a23f-adf00ccca672,Jeszcze sen,Stanisław Sojka,0.61857175827,0.0752999037504,0.66674631834,0.567234218121,0.462838917971,0.00170590798371
227,b56259c3-b49d-47b6-b90e-4e12943ff573,Siedze I Mysle,Beata Kozidrak,0.887910783291,0.829201042652,0.319413274527,0.659570276737,0.967551887035,0.0132130580023
228,b78ac409-b841-41bc-a32e-a06e68080ebc,Świat się pomylił,Patrycja Markowska,0.616144180298,0.977162957191,0.121831417084,0.0434090979397,0.270777791739,0.00112145754974
229,b7ba747b-f975-40a2-948b-0c064299aff9,Underneath Your Clothes,Shakira,3.00000096379e-14,0.622126698494,0.047753226012,0.0977716594934,0.00251666060649,0.943433403969
230,b8a53072-515b-4d87-ba7e-f82967dc8555,The Way I Loved You,Taylor Swift,0.922134101391,0.655418038368,0.0312792882323,0.933482944965,0.990341186523,0.883463919163
231,b92924d5-6c95-4210-9800-1e28b6326f64,Zapytaj mnie czy Cię kocham,Republika,0.805806696415,0.115659847856,0.222237676382,0.0249973349273,0.167813122272,0.042929854244
232,b93cf493-c00c-4814-8e26-332968751a21,Mniej niż zero,Lady Pank,0.5,0.879840910435,0.0179908648133,0.701653063297,0.839324057102,0.0372730530798
233,b96f1da4-7d33-441a-b36c-806a497d1fa5,Can't Smile Without You,Barry Manilow,0.0562613420188,1.16707687994e-05,0.0942013040185,0.5,0.919952630997,0.224329724908
234,b97cdbce-67ab-4b33-8fa2-d76471a5b80b,Prawy do lewego,Kayah i Bregović,0.902630031109,0.989768743515,0.125799238682,0.955577373505,0.557240486145,0.229453787208
235,b9952969-8960-45e7-bc07-4f3af9acf1c7,"Dzień dobry, kocham Cię",Strachy na Lachy,0.956267893314,0.0995612889528,0.100737288594,0.449460268021,0.331087559462,0.225397720933
236,ba21e80e-8589-4d60-8688-71bf8478e556,Czy te oczy mogą kłamać,Jan Pietrzak,0.38707280159,0.00252878805622,0.824173390865,0.92469316721,0.988175690174,0.277752041817
237,ba53bb6e-27f9-4830-b2ea-0a14d46cb17f,Breathe (feat. Colbie Caillat),Taylor Swift,0.680505931377,0.998466253281,0.666296243668,0.901353001595,0.984875619411,0.221469774842
238,ba722a2d-4671-4101-9eb9-03b5504cfe12,Everytime You Go Away,Paul Young,0.435414344072,0.479840606451,0.345258921385,0.681419312954,0.994581460953,0.0541345737875
239,bad13390-a90a-48ee-86a9-8be42bfe1f00,Can't Get You Out of My Head,Makowiecki Band,0.842951178551,0.900548994541,0.0306104123592,0.330284148455,0.792680859566,0.919217348099
240,bae03cf4-7828-4ced-a493-cc7642093bf6,Ev'ry Time We Say Goodbye,Simply Red,0.0953620001674,0.428352952003,0.992852270603,0.0179767347872,0.842543780804,0.0594495385885
241,bb31cc9b-5816-4bee-afa4-84e60d390d26,The Man,Ed Sheeran,0.752974510193,0.210843399167,0.246299922466,0.0340150669217,0.000465016026283,0.314622372389
242,bb428961-1b6b-4ea4-83d8-313dcc21158f,I'll Never Love This Way Again,Dionne Warwick,0.155972927809,0.640494287014,0.548997581005,0.070304274559,0.932168543339,0.0961019024253
243,bba49b40-0287-40b1-9e05-d599724fa323,Rainbow Of Love (Feat. Ben Onono),Bob Sinclar,0.999997079372,0.53767812252,0.00289586558938,0.884684979916,0.988825380802,0.444251090288
244,bba63c91-2d31-43af-af39-6210dc6fb44d,Situations,Agressiva 69,0.943552315235,0.984510481358,0.0912736579776,0.345493584871,0.00403408426791,0.800990521908
245,bc4d3f97-b6a1-4631-92d5-0de0d289b744,Shiver,Natalie Imbruglia,3.00000096379e-14,0.622126698494,0.0955903604627,0.0896711274981,0.00543570471928,0.999997496605
246,bcafe3bb-1731-4fad-a3d5-c3961be13e0a,The Look of Love,Kenny G,0.148284316063,0.209403291345,0.883396148682,0.161352142692,0.977020978928,0.999996304512
247,bd131bbc-2d5d-404d-9552-d33f192d0896,Holding Out for a Hero,Bonnie Tyler,0.481675237417,0.932811498642,0.01546895504,0.706803202629,0.251952797174,0.0197818800807
248,be8df2b2-7965-4855-9699-0251a570f18d,Hey Stephen,Taylor Swift,0.953085124493,0.991403102875,0.663970768452,0.0167686641216,0.533838927746,0.300089329481
249,bed25b7f-15af-48e8-a62f-6aa41faf3b10,Eye of the Tiger,Survivor,3.00000096379e-14,0.622126698494,0.0955903604627,0.131377458572,0.149247214198,1.0
250,c090d0d0-79f7-488b-bb47-4e85d16b0e14,Łoże w kolorze czerwonym (wer. akustyczna),Sztywny pal Azji,0.200061202049,0.0951382517815,0.717425823212,0.570203959942,0.999981999397,0.851950705051
251,c1a486fb-223a-4e3d-b6fc-19def43155a5,U.N.I.,Ed Sheeran,0.21423509717,0.539943277836,0.629165410995,0.028769902885,0.967229902744,0.00470207817852
252,c2154fd6-e82e-4283-b84b-cd6d72780028,Sign Your Name,Terence Trent D'Arby,0.820791184902,0.265720903873,0.596795916557,0.328496277332,0.966135442257,0.0028862869367
253,c33b2424-2fc3-4bf1-aa60-8e6e2650e954,Sen o Warszawie,Czesław Niemen,0.80544257164,0.903944075108,0.518306612968,0.735080718994,0.996504127979,0.0253145173192
254,c3a3deb2-ed06-42a7-8ed8-a28364395f47,Soundwaves,Angie Be,0.919237315655,0.740014076233,4.78377657487e-08,0.465551495552,0.818038225174,0.730386316776
255,c44dc5d0-7c4a-4629-8d1e-f5268a8f7bae,I Knew You Were Waiting (For Me),Aretha Franklin & George Michael,0.962391257286,0.990984678268,0.0357153341174,0.835509300232,0.84893900156,0.00421772478148
256,c46a220b-32be-4094-b38c-78b84d76ec0a,White Horse,Taylor Swift,0.55507850647,0.990123748779,0.808859407902,0.463277190924,0.991930484772,0.0715698376298
257,c4cdf242-b8a0-443e-961f-21b80835f90a,Tak bardzo się starałem,Czerwone Gitary,0.863232016563,0.116512015462,0.228194013238,0.943547427654,0.984617173672,0.000402320816647
258,c6dd6c5e-fa76-4b2b-adfd-f070abac3854,Long Way Down,Tom Odell,0.016183251515,0.197692513466,0.989010632038,0.480820417404,0.0202398449183,0.30620136857
259,c73b2896-fb6c-4f74-9efe-a9aca76684ec,Tolerancja (Na Mily Bog),Stanisław Sojka,0.237473770976,0.543312132359,0.82716691494,0.128473088145,0.981997966766,0.0952784493566
260,c78f9ba3-3041-412b-8de8-952bcf68ce56,Forever And A Day (Radio Mix),Fragma,0.999994635582,0.730417311192,0.0113144423813,0.581416189671,0.94312107563,0.346401125193
261,c7a9ec28-05a5-4af9-8221-fbeabe43d43e,I Have the Love,Simply Red,0.107301451266,0.00819751154631,0.698722064495,0.634645760059,0.980006992817,0.056036580354
262,c7d5d7cf-7046-4d52-ab09-af646028e9e3,Bromance (Avicii's Arena radio edit),Tim Berg,0.994152724743,0.725122511387,0.0168235804886,0.0123981852084,0.00985766481608,0.506657421589
263,c7e5724c-b908-4c44-abd5-e376f9bb752f,Put Your Head on My Shoulder,Paul Anka,0.977677404881,0.024006864056,0.727400481701,0.543610692024,0.776030182838,0.0224282704294
264,c818b7d9-c6db-438e-8e11-6e790f522101,Think Twice,Céline Dion,0.145081698895,0.997349977493,0.777104198933,0.536351144314,0.996916234493,0.00560898613185
265,c84604ca-b47d-4f84-b094-ecc23d0ed04d,Żałuję,Ewelina Flinta,0.643012046814,0.994532108307,0.469939649105,0.943873345852,0.675057470798,0.0923895686865
266,c878ef2f-c08d-4a81-a047-f2a9f978cec7,Scatman,Scatman John,0.999999880791,0.664510607719,0.00945261027664,0.588894665241,0.280052155256,0.00875622872263
267,c8822c5a-b6e6-4c15-ba4c-676f3651f522,You're Not Alone (radio edit),Tinchy Stryder,0.999999880791,0.622144520283,1.52175800849e-08,0.830951690674,0.143484249711,0.0203663203865
268,c903b122-7d08-4194-9381-0f4c62d20468,Kocham Cię,Chłopcy z Placu Broni,0.285116732121,0.511231839657,0.650092840195,0.659287631512,0.994838774204,0.357538223267
269,ca8bc972-15fe-4e2e-82dc-e578f88e64a4,Grade 8,Ed Sheeran,0.956123352051,0.0224669184536,0.270952343941,0.534327685833,0.928106367588,0.00802384875715
270,cb278a4d-187b-4677-8ab3-97defac516cf,King,T.Love,0.0296249464154,0.0152282845229,0.0677318945527,0.653829813004,0.8373503685,0.467441290617
271,cb2cc207-8125-445c-9ef9-6ea44eee959a,Thinking Out Loud,Ed Sheeran,0.485301494598,0.81414347887,0.776370644569,0.211712881923,0.993964135647,0.224744722247
272,ccdf10f6-c0d2-4e11-bd61-45604898d3e6,Everybody (Backstreet's Back),Backstreet Boys,3.00000096379e-14,0.622126698494,0.0955903604627,0.386064857244,0.00828583166003,0.964164078236
273,ce9551bc-8755-4eac-bbd4-2eb3a300bec9,I Want You Back,'NSync,0.998157262802,0.890279710293,0.00558062409982,0.489123821259,0.763601303101,0.941655993462
274,ce9d7303-7f34-4be3-a3b1-b40479a7778e,Spaceship,"Benny Benassi feat. Kelis, apl.de.ap, and Jean Baptiste",0.999988794327,0.908096551895,0.0045894542709,0.311291188002,0.333580523729,0.0337434895337
275,cf4399bc-d85e-4bfb-9492-0b4578df6355,I Turn to You,Christina Aguilera,8.94266083407e-09,0.992912948132,0.1378903687,0.188537850976,0.795459628105,0.0217743739486
276,cfdbf4ba-6f43-42c1-944f-154cb6ce4c54,"Mówię Ci, że",Tilt,0.993404984474,0.742364346981,0.00984377972782,0.632985234261,0.2957508564,0.554911375046
277,cff26eca-d55b-4e07-af80-07eb70b3ecce,The Power of Love,Jennifer Rush,3.00000096379e-14,0.622126698494,0.0561156459153,0.171097800136,0.224681079388,0.960284352303
278,d27bb119-6f90-4dc3-998e-6e35cc9b5138,You Make Me Feel Brand New,Simply Red,0.0641380771995,0.24865449965,0.844655334949,0.239393770695,0.862477660179,0.890185117722
279,d2b30a83-1d24-4e66-a111-e09dfdf32bc8,If You’re Lookin’ For a Way Out,Odyssey,0.0668001845479,0.974061250687,0.62634319067,0.727616727352,0.983514606953,0.0164492558688
280,d2bab0db-b63b-45b6-8f6c-5a566620c522,Mambo No. 5 (A Little Bit of...),Lou Bega,0.999966919422,0.0746169611812,0.00380727881566,0.849473595619,0.838141739368,0.00537639483809
281,d342c8fa-2f0b-4f2d-bd27-0bae63f99f2e,Passing Friend,Beach Boys,0.692639768124,0.0278437584639,0.709022462368,0.635771870613,0.989500045776,0.094077527523
282,d398814c-4c72-4e66-8510-93371f0e7455,Tu Vuo' Fa' L'americano,Renato Carosone,0.454395204782,0.720274984837,0.9720749259,0.474694252014,0.994856595993,0.11819820106
283,d3a916ff-5d1e-4f64-963e-49e6309fa853,Wherever You Will Go,Calling,0.564619839191,0.200613513589,0.688729763031,0.713409423828,0.968843102455,0.0461417250335
284,d4e714e9-619b-4ba9-bf0a-3fc974bb7564,Getcha Back,The Beach Boys,3.00000096379e-14,0.622126698494,0.0955903604627,0.796834051609,0.0819666162133,0.999999940395
285,d5345203-32ec-46ac-bf6d-4b439afdafb0,Let's Go,Matt & Kim,0.886233150959,0.946203529835,0.628513753414,0.581136465073,0.838225841522,0.935511410236
286,d5703feb-a9e0-400e-8072-c7fd8b2370bc,Feel It In My Bones,Tiësto Feat. Tegan & Sara,0.986990988255,0.917689681053,0.0429423525929,0.192328482866,0.971362769604,0.385397672653
287,d5aed633-0fc3-4205-883c-fb1700ee843e,I'm in Love (I Wanna Do It) (vocal edit),Alex Gaudino,0.997486948967,0.240332141519,1.44077330333e-05,0.584674954414,0.853066921234,0.0489451773465
288,d71b0204-4ab5-4fcc-bb3b-e2076bed24ac,In da Name of Love,Ray & Anita,0.999999880791,0.75872528553,3.2555627083e-09,0.69833356142,0.777754485607,0.594420433044
289,d7998f3d-c5d4-436a-b144-6bf3b4391945,Sun Is Up,Inna,3.00000096379e-14,0.579094648361,0.0955903604627,0.258915364742,0.527192175388,0.95310229063
290,d8719c44-e8dc-4e69-8ee2-58dd0c7d8d28,9 Where i belong,The Beach Boys,0.154168263078,0.0149527182803,0.602401316166,0.788241565228,0.86259919405,0.00172607798595
291,d9d59f83-a3ed-4400-b775-ed19aa4dbf4b,A Little Less Conversation,Elvis Presley vs. Junkie XL,0.92075741291,0.0694451928139,0.00546927005053,0.755496561527,0.385224163532,0.0151581401005
292,dc4f20b8-cb6e-4353-91b3-93a1c48cbcea,Dziewczyna Szamana,Justyna Steczkowska,0.515677332878,0.999178051949,0.270752310753,0.486118674278,0.932122468948,0.425136834383
293,dca0d867-2861-4b35-b309-897d8169edf7,Drunk,Ed Sheeran,0.56401437521,0.159280598164,0.519559860229,0.242916062474,0.994233489037,0.00203620549291
294,dcb92fe9-6732-4b14-a665-e98ae04f217c,A Night Like This,Caro Emerald,0.811484754086,0.99868029356,0.262055397034,0.538635551929,0.55592250824,0.660220861435
295,dd8a0eaa-74f9-410b-93a6-9cadfdfb03ab,To nie jest moja ziemia,Buldog,0.957080960274,0.712261080742,0.0169013235718,0.313476473093,0.204077124596,0.0617366470397
296,df227ee8-1f65-4c98-a077-a803a6cabf69,Good Bye to the Roman Candles,Edyta Bartosiewicz,0.973258733749,0.156985908747,0.0153877111152,0.625817239285,0.335757166147,0.0627962723374
297,e0644abd-250a-4157-a753-aded1abedceb,That Ole Devil Called Love,Alison Moyet,3.00000096379e-14,0.622126698494,0.0469698570669,0.0699097216129,0.00120502489153,0.171656027436
298,e093dd86-0a9e-4e23-9c19-ccdc52a7c3c6,Slodkiego Milego Zycia,Kombii,0.92464029789,0.217957109213,0.13244831562,0.460497260094,0.221745163202,0.389651238918
299,e0a84bab-e8e5-4b6f-a75f-13a06bc0ceba,Hot Girl (video edit),R.I.O.,0.99999833107,0.806827247143,0.0111935567111,0.633967876434,0.940914690495,0.134934544563
300,e1a5e83e-155a-40d2-a013-608dbfaedbd6,All for You,Ace of Base,0.999873936176,0.945492446423,0.0173413082957,0.738012075424,0.597491323948,0.0396367162466
301,e1b5688b-9437-4470-a4da-8555f0c57b81,Watching You,DJ Darkzone,0.999883055687,0.970090568066,0.00426259776577,0.171883195639,0.394648104906,0.799111187458
302,e2756b89-be54-4b71-9e9e-ed86143ab533,Morning After Dark,Timbaland,0.998545587063,0.0678974166512,0.0799647793174,0.241310879588,0.708248615265,0.80941337347
303,e297a6a3-43a8-45bd-b109-12bf7f19ce47,Kiss on My List,Daryl Hall & John Oates,0.28129029274,0.0242573898286,0.176383212209,0.822213411331,0.999996364117,0.0816323459148
304,e35a8be0-e5b3-4c8c-bd9b-aba3f1353eee,Otwieram wino (feat. Pezet),Sidney Polak,0.988338291645,0.222396358848,0.0703229904175,0.883984446526,0.967017412186,0.0889789387584
305,e3cd25a2-c5f1-4956-9a79-87bce5ba93be,Chłopcy,Myslovitz,3.00000096379e-14,0.622126698494,0.0955903604627,0.517116427422,0.000705398211721,0.999999463558
306,e4de4666-431c-4687-806d-4b89e5e63588,The Very Thought of You,Tony Bennett,0.0250809565187,0.82789927721,0.979868888855,0.244905680418,0.802708625793,0.00188984081615
307,e55bcc7c-9dab-4a8f-a1b3-4c7dfba30e19,Gdy nie ma dzieci,Kult,3.00000096379e-14,0.622126698494,0.0955903232098,0.315369307995,0.0222277957946,0.996027350426
308,e6acdd89-f468-4be7-b7b3-8913bc5b2182,Sen,Edyta Bartosiewicz,0.607389509678,0.950657486916,0.421458542347,0.188231512904,0.938250124454,0.250636816025
309,e6d894a9-8593-4b90-966a-9ce743365c3e,Only Girl (in the World),Rihanna,0.997491002083,0.986720323563,0.243337497115,0.590286076069,0.483213484287,0.660041630268
310,e89a7d2b-b9e5-4853-baee-8e0aa9866e58,Na kolana,Kasia Cerekwicka,0.943312764168,0.999681472778,0.146797120571,0.622661113739,0.50832349062,0.242355704308
311,ea4faef3-2a6d-4325-ac21-b74398f228fe,Change,Taylor Swift,0.94186937809,0.134789198637,0.0226311050355,0.772859215736,0.98218536377,0.0180275924504
312,eb8b9b6f-b1e9-4b6f-9b18-c901b597da05,Sound of Solitude,Myslovitz,0.138707444072,0.981513261795,0.346147119999,0.656909048557,0.992591381073,0.390363126993
313,ec90eaf6-e265-45c0-95df-0a9c5fd71104,Lost,Lasgo,0.999999821186,0.991046369076,3.00783017337e-06,0.459083646536,0.959950149059,0.79630792141
314,ed97c854-cfff-494b-be40-2df51e29d269,October & April,Rasmus,0.532571732998,0.956049919128,0.763191461563,0.282640576363,0.381240427494,0.0487895905972
315,ed9f9314-2e23-4050-94da-99acd5b1225d,Seek Bromance (Avicii’s vocal edit),Tim Berg,0.570467233658,0.983935654163,0.00699525140226,0.943885087967,0.810889840126,0.105851195753
316,edb66734-d7e4-437e-a314-70e67e72d881,This,Ed Sheeran,0.0160786565393,0.332556784153,0.993641197681,0.147447556257,0.620000243187,0.000620546576101
317,ee1bfebe-0131-4d24-9dc2-158f78fbf4a6,California Calling,Beach Boys,0.377689868212,0.0323471687734,0.123656578362,0.5,0.302127271891,0.356151282787
318,ef96f0f7-b26b-421e-a0e3-b9fdb45cd500,Get the Party Started,P!nk,0.999845683575,0.653160452843,0.00281393155456,0.402078717947,0.213499441743,0.0587379187346
319,f0784256-291a-4f1a-9c96-9279eab957be,Track 19,Ayn Rand,0.938615441322,0.513664841652,0.0617199093103,0.88327395916,0.981151223183,0.000243010072154
320,f0d4abbe-c297-4cec-b119-aab9619b50b1,Dwudzieste szóste marzenie,Skaldowie,0.0335636138916,0.00592141179368,0.844271063805,0.327664703131,0.919117033482,0.564275503159
321,f243f035-3b63-42cf-9386-cede24f2a7ed,Riverside (Let's Go),Sidney Samson feat. Wizard Sleeve,0.999989628792,0.57708466053,2.17671822611e-06,0.14678928256,0.0605056099594,0.0704164281487
322,f2c7b405-da68-4650-bc3a-cf39706c1aa1,"Do nieba, do piekła",Blue Café,0.994463860989,0.840376079082,0.00514184450731,0.810718119144,0.91655600071,0.464060634375
323,f3bac840-b32d-4a4d-90e1-19c17a9f3ec6,Be My Baby,The Ronettes,0.999485731125,0.623894035816,0.00499876216054,0.131747484207,0.0132871512324,0.991377472878
324,f4aa9036-46aa-45bb-9cf6-066dee88f4f7,Z Cyganami w świat,Maciej Kossowski,0.311025589705,0.122441388667,0.389640390873,0.853245377541,0.0355955995619,0.0748843699694
325,f5d3ca77-7a6c-499d-8a9d-05479d0c6c4f,Now You See It,Pitbull & Jump Smokers,0.999993860722,0.449755996466,1.2984456589e-05,0.167326256633,0.122988075018,0.876043081284
326,f75c9c9b-73a7-4a84-a191-3452c66796f3,Maybe I Don't Know,Beach Boys,0.592311143875,0.132710561156,0.0413570292294,0.561037123203,0.92143034935,0.05850135535
327,f77a4e8f-efcb-4e83-9739-d4d44564be59,Baśka,Wilki,0.385059416294,0.341366171837,0.31937789917,0.612469494343,0.976465582848,0.0760810524225
328,f82f86cc-0555-444c-8d1c-617d8a187594,You May Be in Love,Blue Café,0.707193374634,0.856258332729,0.171644940972,0.353971481323,0.968900084496,0.0960457846522
329,f899ae3d-f0fc-457e-90e1-1252bca6f291,"Jak się masz, kochanie",Happy End,0.997883856297,0.352965712547,0.00670173810795,0.5,0.953272104263,0.995042741299
330,f9089ce6-3ad4-4a26-9eb4-af5f55a8bd1d,No Scrubs,TLC,3.00000096379e-14,0.655020654202,0.0955889597535,0.640655040741,0.895719945431,0.060497418046
331,fc5ab260-2d76-4dac-8e04-f02a3a6b2b87,Body And Soul,C Bool Feat Isabelle,0.997945785522,0.603607594967,0.0879943370819,0.456268519163,0.994026482105,0.822200000286
332,ff732b99-b94c-4e75-a8f5-84d9e23fb9e6,Revolt,The Dreams,0.466977208853,0.180446028709,3.20931894748e-06,0.831120312214,0.0094598159194,0.0131389955059
333,ff7e148a-57a4-4491-8edd-bee0bce6607f,Winna,Chylińska,0.982737004757,0.9990016222,0.0157236754894,0.259594678879,0.219682827592,0.449226945639
